iso_639_1,name
en,English
es,Español
en,English
fr,Français
en,English
es,Español
it,Italiano
de,Deutsch
en,English
en,English
en,English
fr,Français
en,English
en,English
en,English
en,English
en,English
fr,Français
de,Deutsch
en,English
es,Español
it,Italiano
fr,Français
de,Deutsch
en,English
tr,Türkçe
el,ελληνικά
zh,普通话
en,English
en,English
en,English
en,English
en,English
es,Español
en,English
en,English
en,English
en,English
th,ภาษาไทย
en,English
is,Íslenska
en,English
ru,Pусский
fr,Français
en,English
en,English
fr,Français
de,Deutsch
sv,svenska
it,Italiano
ru,Pусский
ro,Română
en,English
de,Deutsch
ru,Pусский
en,English
th,ภาษาไทย
en,English
en,English
en,English
ru,Pусский
zh,普通话
en,English
en,English
en,English
en,English
en,English
es,Español
en,English
en,English
en,English
en,English
en,English
ja,日本語
it,Italiano
fr,Français
en,English
en,English
es,Español
en,English
it,Italiano
en,English
en,English
en,English
en,English
en,English
en,English
en,English
en,English
en,English
en,English
de,Deutsch
ru,Pусский
en,English
en,English
en,English
en,English
la,Latin
en,English
fr,Français
ja,日本語
zh,普通话
en,English
fr,Français
hi,हिन्दी
it,Italiano
la,Latin
zh,普通话
pt,Português
ru,Pусский
bo,
en,English
en,English
en,English
en,English
de,Deutsch
en,English
en,English
zh,普通话
en,English
en,English
en,English
fa,فارسی
ur,اردو
ar,العربية
en,English
en,English
en,English
zh,普通话
sa,
en,English
en,English
en,English
en,English
de,Deutsch
es,Español
en,English
fr,Français
gd,
en,English
en,English
en,English
ru,Pусский
fr,Français
en,English
en,English
en,English
en,English
en,English
ja,日本語
en,English
en,English
en,English
en,English
en,English
en,English
en,English
en,English
en,English
en,English
en,English
en,English
ja,日本語
fr,Français
it,Italiano
de,Deutsch
en,English
ja,日本語
en,English
en,English
en,English
de,Deutsch
en,English
es,Español
fr,Français
ru,Pусский
en,English
en,English
en,English
es,Español
en,English
fr,Français
en,English
en,English
en,English
fr,Français
en,English
ja,日本語
es,Español
en,English
en,English
en,English
en,English
fr,Français
en,English
ja,日本語
en,English
en,English
en,English
en,English
ur,اردو
zh,普通话
en,English
it,Italiano
th,ภาษาไทย
en,English
en,English
en,English
fr,Français
en,English
en,English
en,English
en,English
en,English
it,Italiano
la,Latin
fr,Français
de,Deutsch
zh,普通话
en,English
en,English
en,English
en,English
en,English
de,Deutsch
en,English
sv,svenska
en,English
en,English
en,English
en,English
de,Deutsch
en,English
it,Italiano
zh,普通话
cs,Český
cn,广州话 / 廣州話
en,English
en,English
en,English
en,English
en,English
en,English
en,English
es,Español
th,ภาษาไทย
en,English
ko,한국어/조선말
cn,广州话 / 廣州話
de,Deutsch
es,Español
is,Íslenska
it,Italiano
en,English
en,English
ru,Pусский
en,English
en,English
en,English
en,English
ru,Pусский
fr,Français
ar,العربية
sv,svenska
fr,Français
en,English
en,English
en,English
ja,日本語
en,English
en,English
en,English
en,English
en,English
en,English
de,Deutsch
ko,한국어/조선말
ru,Pусский
es,Español
en,English
en,English
cn,广州话 / 廣州話
zh,普通话
en,English
es,Español
en,English
en,English
fr,Français
ar,العربية
en,English
fr,Français
no,Norsk
en,English
en,English
ru,Pусский
fr,Français
pt,Português
en,English
en,English
en,English
pt,Português
es,Español
en,English
en,English
en,English
fr,Français
en,English
en,English
en,English
en,English
fr,Français
ar,العربية
ru,Pусский
es,Español
en,English
en,English
en,English
en,English
en,English
en,English
es,Español
es,Español
en,English
en,English
ru,Pусский
ko,한국어/조선말
en,English
en,English
en,English
en,English
ja,日本語
en,English
en,English
en,English
en,English
en,English
en,English
en,English
en,English
en,English
fr,Français
la,Latin
es,Español
en,English
pt,Português
en,English
de,Deutsch
it,Italiano
en,English
es,Español
pt,Português
it,Italiano
en,English
en,English
en,English
en,English
no,Norsk
en,English
ru,Pусский
en,English
en,English
en,English
ja,日本語
fr,Français
ar,العربية
es,Español
en,English
en,English
en,English
ja,日本語
ar,العربية
zh,普通话
zh,普通话
en,English
fr,Français
hi,हिन्दी
ja,日本語
ta,தமிழ்
en,English
en,English
en,English
zh,普通话
es,Español
gd,
en,English
en,English
en,English
en,English
en,English
en,English
en,English
en,English
de,Deutsch
es,Español
en,English
en,English
en,English
en,English
en,English
en,English
en,English
fr,Français
pt,Português
en,English
ja,日本語
nv,
en,English
en,English
en,English
en,English
en,English
en,English
en,English
it,Italiano
he,עִבְרִית
en,English
de,Deutsch
en,English
da,Dansk
zh,普通话
cn,广州话 / 廣州話
en,English
fr,Français
it,Italiano
nl,Nederlands
zh,普通话
en,English
en,English
es,Español
en,English
en,English
en,English
en,English
zh,普通话
en,English
en,English
zh,普通话
en,English
en,English
en,English
en,English
en,English
pt,Português
en,English
en,English
it,Italiano
fr,Français
en,English
de,Deutsch
en,English
fr,Français
hi,हिन्दी
tr,Türkçe
cn,广州话 / 廣州話
en,English
en,English
en,English
ar,العربية
en,English
it,Italiano
la,Latin
en,English
fr,Français
en,English
en,English
zh,普通话
en,English
en,English
en,English
en,English
en,English
sv,svenska
en,English
en,English
fr,Français
en,English
en,English
es,Español
en,English
en,English
en,English
fr,Français
ar,العربية
de,Deutsch
en,English
en,English
en,English
en,English
en,English
fr,Français
de,Deutsch
la,Latin
en,English
en,English
en,English
la,Latin
en,English
es,Español
en,English
en,English
en,English
en,English
fr,Français
it,Italiano
ru,Pусский
es,Español
en,English
it,Italiano
la,Latin
af,Afrikaans
en,English
fr,Français
en,English
en,English
en,English
en,English
en,English
es,Español
en,English
en,English
en,English
en,English
en,English
en,English
en,English
en,English
en,English
en,English
ar,العربية
en,English
en,English
en,English
ar,العربية
en,English
ga,Gaeilge
la,Latin
zh,普通话
zh,普通话
ja,日本語
en,English
en,English
en,English
en,English
so,Somali
en,English
en,English
sv,svenska
de,Deutsch
en,English
ar,العربية
en,English
en,English
en,English
en,English
en,English
en,English
en,English
en,English
en,English
en,English
en,English
es,Español
en,English
en,English
en,English
ru,Pусский
en,English
es,Español
fr,Français
en,English
en,English
la,Latin
en,English
en,English
es,Español
en,English
en,English
cn,广州话 / 廣州話
en,English
zh,普通话
en,English
en,English
en,English
en,English
en,English
de,Deutsch
fi,suomi
ja,日本語
cn,广州话 / 廣州話
en,English
cn,广州话 / 廣州話
en,English
zh,普通话
en,English
zh,普通话
en,English
en,English
de,Deutsch
ro,Română
en,English
fr,Français
en,English
en,English
fr,Français
es,Español
en,English
en,English
de,Deutsch
en,English
he,עִבְרִית
en,English
en,English
en,English
en,English
en,English
en,English
fr,Français
pt,Português
en,English
en,English
zh,普通话
zh,普通话
en,English
en,English
ru,Pусский
cn,广州话 / 廣州話
en,English
de,Deutsch
ar,العربية
fr,Français
en,English
en,English
pt,Português
en,English
de,Deutsch
es,Español
en,English
en,English
en,English
en,English
en,English
da,Dansk
en,English
en,English
en,English
ru,Pусский
en,English
en,English
en,English
ru,Pусский
de,Deutsch
it,Italiano
en,English
ru,Pусский
it,Italiano
en,English
en,English
en,English
en,English
en,English
af,Afrikaans
es,Español
en,English
en,English
en,English
en,English
en,English
fr,Français
es,Español
en,English
fr,Français
en,English
en,English
de,Deutsch
en,English
ru,Pусский
pt,Português
en,English
en,English
en,English
ja,日本語
en,English
ja,日本語
en,English
en,English
en,English
es,Español
en,English
en,English
en,English
en,English
en,English
en,English
en,English
en,English
pt,Português
ja,日本語
en,English
it,Italiano
en,English
th,ภาษาไทย
fr,Français
en,English
en,English
en,English
en,English
en,English
es,Español
en,English
fr,Français
cs,Český
en,English
en,English
th,ภาษาไทย
en,English
en,English
en,English
en,English
en,English
en,English
fr,Français
ru,Pусский
en,English
en,English
en,English
en,English
ru,Pусский
fr,Français
en,English
en,English
de,Deutsch
en,English
en,English
it,Italiano
en,English
la,Latin
en,English
en,English
en,English
en,English
en,English
en,English
en,English
en,English
en,English
en,English
en,English
zh,普通话
en,English
en,English
en,English
en,English
de,Deutsch
th,ภาษาไทย
en,English
en,English
en,English
en,English
en,English
en,English
en,English
th,ภาษาไทย
en,English
en,English
sw,Kiswahili
en,English
de,Deutsch
en,English
en,English
it,Italiano
es,Español
en,English
en,English
fr,Français
en,English
fr,Français
de,Deutsch
it,Italiano
en,English
fr,Français
fr,Français
en,English
fr,Français
ru,Pусский
en,English
fr,Français
en,English
ru,Pусский
en,English
en,English
en,English
fr,Français
en,English
en,English
fr,Français
it,Italiano
en,English
fr,Français
en,English
fr,Français
en,English
en,English
en,English
en,English
fr,Français
en,English
zh,普通话
en,English
en,English
en,English
en,English
en,English
en,English
en,English
en,English
en,English
es,Español
en,English
ru,Pусский
en,English
ru,Pусский
en,English
en,English
de,Deutsch
it,Italiano
en,English
en,English
en,English
en,English
fr,Français
pt,Português
es,Español
th,ภาษาไทย
en,English
en,English
en,English
en,English
en,English
en,English
en,English
en,English
en,English
no,Norsk
fr,Français
es,Español
fr,Français
en,English
en,English
bg,български език
en,English
fr,Français
ru,Pусский
es,Español
en,English
en,English
ur,اردو
ar,العربية
en,English
ru,Pусский
ur,اردو
he,עִבְרִית
en,English
en,English
en,English
ru,Pусский
ar,العربية
de,Deutsch
el,ελληνικά
en,English
fr,Français
he,עִבְרִית
it,Italiano
ru,Pусский
en,English
en,English
it,Italiano
en,English
ru,Pусский
de,Deutsch
es,Español
en,English
en,English
en,English
en,English
fr,Français
en,English
th,ภาษาไทย
el,ελληνικά
en,English
en,English
en,English
zh,普通话
en,English
en,English
en,English
en,English
en,English
en,English
en,English
en,English
de,Deutsch
cs,Český
en,English
en,English
en,English
en,English
en,English
ar,العربية
en,English
en,English
en,English
en,English
fr,Français
la,Latin
gd,
en,English
es,Español
ar,العربية
la,Latin
en,English
en,English
en,English
de,Deutsch
es,Español
en,English
fr,Français
th,ภาษาไทย
en,English
en,English
en,English
pt,Português
en,English
en,English
it,Italiano
ja,日本語
yi,
en,English
cs,Český
en,English
de,Deutsch
es,Español
ru,Pусский
en,English
en,English
de,Deutsch
en,English
fr,Français
it,Italiano
en,English
en,English
es,Español
en,English
es,Español
fr,Français
en,English
en,English
it,Italiano
en,English
en,English
fr,Français
en,English
vi,Tiếng Việt
fr,Français
en,English
ko,한국어/조선말
en,English
en,English
en,English
en,English
en,English
en,English
de,Deutsch
ru,Pусский
fr,Français
en,English
en,English
en,English
es,Español
en,English
ar,العربية
en,English
en,English
en,English
en,English
ja,日本語
en,English
en,English
hu,Magyar
ru,Pусский
en,English
ru,Pусский
en,English
th,ภาษาไทย
en,English
de,Deutsch
en,English
de,Deutsch
fr,Français
ja,日本語
ko,한국어/조선말
ru,Pусский
ar,العربية
en,English
en,English
es,Español
en,English
en,English
en,English
en,English
it,Italiano
zh,普通话
es,Español
bo,
de,Deutsch
en,English
en,English
de,Deutsch
en,English
de,Deutsch
ar,العربية
ur,اردو
en,English
ar,العربية
en,English
ru,Pусский
uk,Український
de,Deutsch
en,English
en,English
fr,Français
en,English
en,English
en,English
en,English
en,English
en,English
ar,العربية
en,English
ja,日本語
fa,فارسی
en,English
ar,العربية
en,English
en,English
en,English
en,English
en,English
en,English
cs,Český
de,Deutsch
en,English
fr,Français
en,English
en,English
fr,Français
en,English
en,English
en,English
en,English
en,English
en,English
en,English
en,English
en,English
es,Español
en,English
en,English
es,Español
it,Italiano
en,English
ja,日本語
en,English
en,English
en,English
en,English
en,English
en,English
en,English
he,עִבְרִית
en,English
en,English
en,English
en,English
eo,Esperanto
en,English
en,English
ru,Pусский
es,Español
en,English
en,English
en,English
en,English
en,English
en,English
en,English
en,English
en,English
it,Italiano
en,English
en,English
en,English
en,English
ja,日本語
en,English
en,English
en,English
en,English
en,English
ja,日本語
de,Deutsch
fr,Français
en,English
en,English
es,Español
en,English
en,English
en,English
zh,普通话
en,English
en,English
fr,Français
de,Deutsch
ru,Pусский
en,English
en,English
en,English
es,Español
en,English
en,English
ja,日本語
en,English
ja,日本語
th,ภาษาไทย
en,English
en,English
en,English
fr,Français
en,English
en,English
en,English
en,English
en,English
fr,Français
de,Deutsch
nl,Nederlands
it,Italiano
en,English
ru,Pусский
es,Español
en,English
en,English
he,עִבְרִית
en,English
en,English
es,Español
en,English
en,English
fr,Français
de,Deutsch
th,ภาษาไทย
uk,Український
en,English
it,Italiano
en,English
en,English
en,English
en,English
en,English
en,English
pt,Português
en,English
it,Italiano
en,English
en,English
ru,Pусский
en,English
en,English
es,Español
en,English
en,English
th,ภาษาไทย
en,English
en,English
en,English
en,English
en,English
cn,广州话 / 廣州話
zh,普通话
en,English
en,English
en,English
fr,Français
en,English
es,Español
en,English
en,English
ko,한국어/조선말
en,English
ru,Pусский
en,English
en,English
en,English
en,English
ru,Pусский
en,English
fr,Français
en,English
cn,广州话 / 廣州話
en,English
en,English
en,English
es,Español
en,English
en,English
en,English
en,English
en,English
en,English
en,English
en,English
en,English
en,English
en,English
en,English
cn,广州话 / 廣州話
en,English
en,English
de,Deutsch
ru,Pусский
es,Español
en,English
it,Italiano
en,English
en,English
es,Español
en,English
fr,Français
en,English
en,English
en,English
en,English
en,English
ru,Pусский
en,English
es,Español
en,English
en,English
en,English
en,English
en,English
pt,Português
en,English
pt,Português
en,English
th,ภาษาไทย
cn,广州话 / 廣州話
en,English
it,Italiano
en,English
la,Latin
en,English
es,Español
en,English
en,English
fr,Français
en,English
en,English
en,English
en,English
en,English
en,English
en,English
en,English
en,English
fr,Français
ru,Pусский
en,English
en,English
en,English
am,
km,
de,Deutsch
ce,
zh,普通话
en,English
ja,日本語
en,English
en,English
en,English
en,English
en,English
zh,普通话
es,Español
en,English
en,English
ru,Pусский
en,English
de,Deutsch
en,English
en,English
it,Italiano
ru,Pусский
es,Español
uk,Український
en,English
en,English
es,Español
ja,日本語
en,English
fr,Français
de,Deutsch
en,English
fr,Français
de,Deutsch
it,Italiano
zh,普通话
es,Español
en,English
en,English
en,English
en,English
en,English
de,Deutsch
el,ελληνικά
it,Italiano
en,English
ko,한국어/조선말
en,English
en,English
en,English
es,Español
fr,Français
ja,日本語
en,English
en,English
en,English
en,English
en,English
en,English
es,Español
en,English
en,English
so,Somali
he,עִבְרִית
en,English
en,English
en,English
en,English
fr,Français
en,English
en,English
cn,广州话 / 廣州話
ar,العربية
de,Deutsch
en,English
fr,Français
it,Italiano
ja,日本語
en,English
en,English
pl,Polski
en,English
ja,日本語
fr,Français
en,English
en,English
zh,普通话
es,Español
cn,广州话 / 廣州話
en,English
en,English
en,English
zh,普通话
es,Español
en,English
en,English
en,English
zh,普通话
en,English
en,English
en,English
es,Español
en,English
fr,Français
ru,Pусский
en,English
en,English
en,English
en,English
en,English
en,English
en,English
en,English
en,English
en,English
en,English
it,Italiano
en,English
sv,svenska
en,English
es,Español
en,English
en,English
en,English
en,English
de,Deutsch
en,English
en,English
en,English
co,
fr,Français
de,Deutsch
en,English
en,English
cs,Český
ro,Română
en,English
en,English
es,Español
en,English
en,English
it,Italiano
de,Deutsch
la,Latin
en,English
en,English
en,English
en,English
en,English
en,English
es,Español
de,Deutsch
en,English
ru,Pусский
fr,Français
fr,Français
es,Español
en,English
en,English
en,English
en,English
en,English
es,Español
en,English
en,English
en,English
en,English
fr,Français
en,English
ar,العربية
en,English
en,English
el,ελληνικά
en,English
en,English
en,English
ru,Pусский
en,English
en,English
en,English
de,Deutsch
en,English
fr,Français
zh,普通话
en,English
bo,
pa,ਪੰਜਾਬੀ
de,Deutsch
en,English
de,Deutsch
en,English
en,English
en,English
it,Italiano
en,English
en,English
en,English
en,English
pl,Polski
en,English
en,English
en,English
en,English
en,English
en,English
en,English
fr,Français
en,English
en,English
en,English
fr,Français
et,Eesti
en,English
ko,한국어/조선말
en,English
en,English
en,English
en,English
en,English
sq,shqip
en,English
en,English
fr,Français
en,English
en,English
en,English
en,English
en,English
en,English
es,Español
en,English
en,English
en,English
ko,한국어/조선말
fr,Français
en,English
de,Deutsch
en,English
en,English
en,English
zh,普通话
en,English
en,English
en,English
fr,Français
it,Italiano
es,Español
en,English
en,English
fr,Français
fr,Français
en,English
ar,العربية
en,English
fa,فارسی
ur,اردو
fr,Français
zh,普通话
ar,العربية
en,English
en,English
en,English
en,English
es,Español
en,English
cn,广州话 / 廣州話
de,Deutsch
en,English
en,English
en,English
en,English
en,English
en,English
en,English
en,English
en,English
en,English
ru,Pусский
sr,Srpski
bs,Bosanski
hr,Hrvatski
en,English
de,Deutsch
th,ภาษาไทย
en,English
en,English
cs,Český
en,English
en,English
en,English
fr,Français
hr,Hrvatski
sv,svenska
th,ภาษาไทย
en,English
en,English
en,English
en,English
en,English
en,English
fr,Français
en,English
en,English
es,Español
nl,Nederlands
en,English
de,Deutsch
ru,Pусский
it,Italiano
en,English
en,English
en,English
en,English
es,Español
en,English
fr,Français
de,Deutsch
it,Italiano
ru,Pусский
en,English
en,English
en,English
is,Íslenska
pt,Português
fr,Français
tl,
de,Deutsch
it,Italiano
en,English
de,Deutsch
en,English
es,Español
en,English
en,English
en,English
ru,Pусский
tr,Türkçe
uk,Український
ur,اردو
en,English
en,English
la,Latin
en,English
en,English
en,English
en,English
fr,Français
de,Deutsch
en,English
en,English
en,English
pl,Polski
en,English
en,English
en,English
en,English
en,English
en,English
en,English
en,English
en,English
en,English
en,English
en,English
es,Español
en,English
de,Deutsch
el,ελληνικά
en,English
en,English
fr,Français
en,English
en,English
en,English
en,English
pl,Polski
en,English
ar,العربية
en,English
en,English
en,English
en,English
fr,Français
en,English
ru,Pусский
es,Español
en,English
it,Italiano
en,English
en,English
en,English
en,English
hi,हिन्दी
en,English
en,English
en,English
en,English
ru,Pусский
en,English
en,English
en,English
fr,Français
it,Italiano
en,English
en,English
en,English
en,English
en,English
en,English
en,English
es,Español
en,English
en,English
en,English
tr,Türkçe
ar,العربية
en,English
en,English
es,Español
fr,Français
ru,Pусский
en,English
is,Íslenska
it,Italiano
en,English
en,English
en,English
en,English
en,English
cs,Český
en,English
pt,Português
en,English
en,English
ru,Pусский
es,Español
ko,한국어/조선말
en,English
en,English
en,English
ru,Pусский
en,English
en,English
en,English
en,English
en,English
en,English
fr,Français
pt,Português
en,English
en,English
hu,Magyar
ru,Pусский
en,English
en,English
en,English
en,English
it,Italiano
en,English
en,English
en,English
en,English
en,English
fr,Français
en,English
en,English
en,English
en,English
ja,日本語
en,English
fr,Français
en,English
en,English
it,Italiano
en,English
en,English
en,English
en,English
ru,Pусский
en,English
en,English
en,English
en,English
en,English
en,English
en,English
es,Español
en,English
en,English
ko,한국어/조선말
en,English
de,Deutsch
it,Italiano
en,English
zh,普通话
th,ภาษาไทย
en,English
en,English
en,English
en,English
hu,Magyar
de,Deutsch
cn,广州话 / 廣州話
en,English
zh,普通话
ru,Pусский
en,English
en,English
fa,فارسی
en,English
en,English
en,English
en,English
vi,Tiếng Việt
en,English
en,English
en,English
fr,Français
de,Deutsch
pl,Polski
ru,Pусский
en,English
fr,Français
hu,Magyar
en,English
en,English
en,English
en,English
de,Deutsch
es,Español
en,English
en,English
en,English
en,English
en,English
en,English
es,Español
en,English
en,English
fr,Français
en,English
en,English
es,Español
bg,български език
en,English
pt,Português
en,English
en,English
es,Español
en,English
en,English
cs,Český
en,English
de,Deutsch
en,English
es,Español
en,English
cs,Český
en,English
el,ελληνικά
ru,Pусский
en,English
ar,العربية
de,Deutsch
en,English
fr,Français
ru,Pусский
es,Español
uk,Український
tr,Türkçe
zh,普通话
en,English
ko,한국어/조선말
en,English
en,English
th,ภาษาไทย
fr,Français
en,English
en,English
fr,Français
en,English
en,English
la,Latin
es,Español
en,English
en,English
en,English
en,English
en,English
en,English
en,English
en,English
zh,普通话
en,English
fr,Français
es,Español
ko,한국어/조선말
en,English
en,English
en,English
en,English
en,English
en,English
en,English
en,English
en,English
en,English
en,English
en,English
en,English
la,Latin
ro,Română
bg,български език
el,ελληνικά
en,English
en,English
fr,Français
en,English
it,Italiano
en,English
en,English
en,English
en,English
en,English
fr,Français
en,English
en,English
es,Español
en,English
en,English
en,English
en,English
es,Español
en,English
en,English
es,Español
en,English
en,English
en,English
ru,Pусский
en,English
de,Deutsch
cs,Český
en,English
es,Español
sh,
en,English
en,English
en,English
fr,Français
hu,Magyar
es,Español
en,English
en,English
en,English
en,English
de,Deutsch
tr,Türkçe
ar,العربية
en,English
en,English
en,English
en,English
en,English
ar,العربية
fr,Français
de,Deutsch
ru,Pусский
cs,Český
sk,Slovenčina
en,English
es,Español
ru,Pусский
en,English
en,English
en,English
en,English
en,English
es,Español
en,English
fr,Français
ru,Pусский
en,English
en,English
en,English
en,English
es,Español
en,English
en,English
en,English
la,Latin
en,English
en,English
en,English
en,English
en,English
en,English
en,English
en,English
ru,Pусский
en,English
cn,广州话 / 廣州話
en,English
en,English
en,English
pl,Polski
pt,Português
en,English
en,English
en,English
en,English
en,English
uk,Український
en,English
en,English
en,English
en,English
en,English
en,English
en,English
hu,Magyar
en,English
en,English
es,Español
en,English
en,English
it,Italiano
en,English
es,Español
en,English
es,Español
en,English
en,English
en,English
en,English
en,English
en,English
en,English
fr,Français
la,Latin
en,English
en,English
en,English
es,Español
sv,svenska
th,ภาษาไทย
en,English
en,English
en,English
en,English
fr,Français
ru,Pусский
en,English
en,English
en,English
en,English
en,English
ru,Pусский
en,English
en,English
en,English
en,English
en,English
en,English
vi,Tiếng Việt
de,Deutsch
en,English
en,English
en,English
fr,Français
en,English
en,English
en,English
pl,Polski
es,Español
en,English
en,English
en,English
es,Español
en,English
it,Italiano
ja,日本語
ru,Pусский
en,English
hu,Magyar
sh,
en,English
zh,普通话
en,English
kk,қазақ
ro,Română
en,English
fr,Français
ja,日本語
ko,한국어/조선말
fr,Français
en,English
en,English
ml,
te,తెలుగు
hi,हिन्दी
ta,தமிழ்
en,English
en,English
en,English
en,English
zh,普通话
en,English
en,English
it,Italiano
es,Español
th,ภาษาไทย
en,English
zh,普通话
th,ภาษาไทย
en,English
en,English
en,English
en,English
en,English
cn,广州话 / 廣州話
ja,日本語
zh,普通话
en,English
pl,Polski
cn,广州话 / 廣州話
en,English
zh,普通话
ru,Pусский
en,English
en,English
en,English
ru,Pусский
en,English
en,English
en,English
en,English
fr,Français
la,Latin
pl,Polski
pt,Português
es,Español
en,English
en,English
en,English
it,Italiano
da,Dansk
en,English
fr,Français
de,Deutsch
en,English
no,Norsk
en,English
en,English
en,English
en,English
en,English
en,English
ru,Pусский
en,English
en,English
en,English
en,English
en,English
en,English
en,English
en,English
de,Deutsch
it,Italiano
fr,Français
en,English
fr,Français
de,Deutsch
en,English
es,Español
en,English
en,English
en,English
en,English
es,Español
en,English
en,English
ru,Pусский
en,English
en,English
fr,Français
ar,العربية
es,Español
ru,Pусский
en,English
en,English
en,English
en,English
es,Español
ru,Pусский
en,English
en,English
de,Deutsch
ja,日本語
en,English
en,English
it,Italiano
hu,Magyar
ru,Pусский
la,Latin
cy,Cymraeg
en,English
eo,Esperanto
en,English
en,English
en,English
en,English
cn,广州话 / 廣州話
en,English
zh,普通话
th,ภาษาไทย
de,Deutsch
en,English
en,English
fr,Français
en,English
en,English
en,English
es,Español
en,English
en,English
en,English
en,English
fr,Français
en,English
en,English
en,English
en,English
en,English
fr,Français
en,English
pl,Polski
pt,Português
de,Deutsch
it,Italiano
ar,العربية
en,English
en,English
en,English
en,English
en,English
en,English
en,English
en,English
en,English
en,English
en,English
en,English
en,English
en,English
ar,العربية
en,English
en,English
en,English
uk,Український
en,English
en,English
en,English
es,Español
en,English
hy,
ja,日本語
en,English
it,Italiano
en,English
en,English
en,English
vi,Tiếng Việt
en,English
ru,Pусский
es,Español
en,English
en,English
en,English
en,English
en,English
es,Español
en,English
ja,日本語
en,English
de,Deutsch
ru,Pусский
en,English
pt,Português
en,English
ru,Pусский
en,English
en,English
en,English
en,English
en,English
en,English
la,Latin
en,English
fr,Français
de,Deutsch
en,English
en,English
en,English
de,Deutsch
en,English
en,English
en,English
en,English
it,Italiano
la,Latin
en,English
en,English
en,English
en,English
en,English
en,English
en,English
en,English
en,English
zh,普通话
en,English
es,Español
en,English
en,English
en,English
en,English
en,English
en,English
en,English
en,English
en,English
en,English
en,English
en,English
en,English
hu,Magyar
en,English
ru,Pусский
en,English
en,English
it,Italiano
en,English
en,English
ru,Pусский
en,English
en,English
fr,Français
en,English
en,English
zh,普通话
en,English
fr,Français
ru,Pусский
en,English
en,English
en,English
iu,
en,English
fr,Français
es,Español
en,English
fr,Français
es,Español
fr,Français
it,Italiano
en,English
cn,广州话 / 廣州話
zh,普通话
es,Español
wo,Wolof
en,English
es,Español
en,English
en,English
en,English
en,English
it,Italiano
en,English
en,English
sv,svenska
en,English
ja,日本語
en,English
en,English
en,English
en,English
en,English
af,Afrikaans
xh,
de,Deutsch
fi,suomi
fr,Français
ru,Pусский
en,English
en,English
it,Italiano
en,English
de,Deutsch
fr,Français
en,English
en,English
en,English
en,English
th,ภาษาไทย
vi,Tiếng Việt
en,English
en,English
en,English
es,Español
en,English
zh,普通话
ru,Pусский
en,English
en,English
en,English
en,English
de,Deutsch
el,ελληνικά
la,Latin
en,English
en,English
en,English
en,English
en,English
es,Español
en,English
en,English
en,English
en,English
it,Italiano
pt,Português
en,English
en,English
en,English
es,Español
la,Latin
en,English
en,English
en,English
pt,Português
en,English
en,English
en,English
de,Deutsch
ja,日本語
en,English
en,English
en,English
fr,Français
it,Italiano
en,English
en,English
en,English
en,English
en,English
ko,한국어/조선말
en,English
en,English
en,English
de,Deutsch
en,English
en,English
de,Deutsch
zh,普通话
ru,Pусский
en,English
km,
en,English
fr,Français
vi,Tiếng Việt
en,English
en,English
en,English
en,English
sw,Kiswahili
en,English
en,English
it,Italiano
en,English
fr,Français
en,English
en,English
es,Español
en,English
en,English
en,English
hu,Magyar
en,English
en,English
it,Italiano
en,English
en,English
en,English
en,English
en,English
en,English
en,English
ru,Pусский
en,English
en,English
de,Deutsch
en,English
en,English
en,English
en,English
en,English
af,Afrikaans
ny,
st,
xh,
zu,isiZulu
en,English
en,English
en,English
en,English
ga,Gaeilge
en,English
en,English
en,English
en,English
en,English
en,English
kw,
en,English
en,English
en,English
en,English
en,English
en,English
en,English
en,English
en,English
ja,日本語
de,Deutsch
es,Español
en,English
en,English
en,English
en,English
en,English
en,English
fr,Français
pt,Português
en,English
fr,Français
de,Deutsch
es,Español
en,English
en,English
en,English
en,English
en,English
en,English
en,English
en,English
en,English
en,English
en,English
fr,Français
en,English
it,Italiano
es,Español
en,English
ja,日本語
en,English
en,English
en,English
es,Español
en,English
en,English
en,English
es,Español
hu,Magyar
cs,Český
en,English
en,English
en,English
en,English
en,English
en,English
en,English
ja,日本語
en,English
cs,Český
en,English
en,English
en,English
en,English
fr,Français
de,Deutsch
it,Italiano
ar,العربية
es,Español
en,English
en,English
en,English
en,English
en,English
en,English
en,English
en,English
fr,Français
da,Dansk
de,Deutsch
en,English
en,English
en,English
en,English
en,English
en,English
en,English
en,English
en,English
en,English
en,English
en,English
en,English
en,English
en,English
vi,Tiếng Việt
en,English
sr,Srpski
es,Español
cn,广州话 / 廣州話
cs,Český
en,English
en,English
en,English
en,English
en,English
en,English
en,English
he,עִבְרִית
hu,Magyar
en,English
pt,Português
en,English
en,English
cs,Český
en,English
en,English
fr,Français
en,English
en,English
en,English
en,English
en,English
en,English
ja,日本語
hi,हिन्दी
en,English
en,English
en,English
fr,Français
he,עִבְרִית
it,Italiano
es,Español
de,Deutsch
en,English
en,English
fr,Français
en,English
ru,Pусский
fr,Français
en,English
en,English
en,English
en,English
en,English
fr,Français
it,Italiano
en,English
fr,Français
sq,shqip
es,Español
en,English
en,English
en,English
en,English
en,English
de,Deutsch
zh,普通话
en,English
en,English
fr,Français
zh,普通话
en,English
fr,Français
en,English
ar,العربية
en,English
de,Deutsch
en,English
xh,
en,English
fr,Français
en,English
ru,Pусский
en,English
en,English
en,English
en,English
ru,Pусский
he,עִבְרִית
en,English
es,Español
en,English
en,English
es,Español
en,English
es,Español
en,English
en,English
en,English
en,English
en,English
en,English
en,English
en,English
en,English
si,
en,English
en,English
ru,Pусский
en,English
en,English
es,Español
en,English
de,Deutsch
it,Italiano
en,English
en,English
en,English
en,English
en,English
it,Italiano
en,English
ja,日本語
en,English
it,Italiano
en,English
en,English
el,ελληνικά
en,English
it,Italiano
en,English
en,English
en,English
en,English
pt,Português
en,English
en,English
en,English
en,English
de,Deutsch
es,Español
en,English
en,English
en,English
en,English
de,Deutsch
cn,广州话 / 廣州話
ja,日本語
hu,Magyar
en,English
en,English
en,English
ru,Pусский
en,English
fr,Français
en,English
fr,Français
en,English
en,English
en,English
en,English
en,English
en,English
en,English
en,English
zh,普通话
bo,
en,English
en,English
es,Español
en,English
de,Deutsch
en,English
ru,Pусский
es,Español
en,English
hr,Hrvatski
en,English
en,English
en,English
hi,हिन्दी
en,English
fr,Français
ar,العربية
en,English
en,English
en,English
en,English
zh,普通话
en,English
en,English
en,English
en,English
en,English
en,English
en,English
ru,Pусский
en,English
en,English
en,English
en,English
en,English
en,English
en,English
en,English
en,English
en,English
en,English
en,English
en,English
en,English
fr,Français
en,English
he,עִבְרִית
fr,Français
de,Deutsch
en,English
it,Italiano
la,Latin
en,English
en,English
zh,普通话
en,English
en,English
es,Español
en,English
en,English
en,English
es,Español
en,English
en,English
en,English
en,English
fr,Français
es,Español
en,English
nl,Nederlands
pl,Polski
de,Deutsch
la,Latin
en,English
ru,Pусский
en,English
en,English
en,English
en,English
en,English
it,Italiano
cs,Český
en,English
en,English
en,English
fr,Français
en,English
en,English
en,English
de,Deutsch
ja,日本語
la,Latin
es,Español
en,English
en,English
en,English
en,English
en,English
en,English
pl,Polski
en,English
en,English
en,English
de,Deutsch
en,English
it,Italiano
sw,Kiswahili
he,עִבְרִית
la,Latin
en,English
it,Italiano
en,English
en,English
es,Español
en,English
en,English
fr,Français
ar,العربية
sq,shqip
en,English
en,English
de,Deutsch
pl,Polski
he,עִבְרִית
en,English
en,English
en,English
en,English
en,English
ru,Pусский
en,English
en,English
fr,Français
en,English
ru,Pусский
en,English
en,English
en,English
en,English
es,Español
en,English
en,English
en,English
fr,Français
en,English
en,English
en,English
en,English
la,Latin
es,Español
en,English
zh,普通话
en,English
it,Italiano
la,Latin
en,English
en,English
en,English
en,English
en,English
en,English
en,English
en,English
it,Italiano
en,English
en,English
en,English
en,English
es,Español
en,English
cs,Český
en,English
ja,日本語
zh,普通话
ru,Pусский
en,English
en,English
en,English
en,English
it,Italiano
en,English
en,English
en,English
el,ελληνικά
es,Español
en,English
fr,Français
zh,普通话
en,English
en,English
hi,हिन्दी
en,English
en,English
en,English
en,English
en,English
en,English
ko,한국어/조선말
ru,Pусский
en,English
en,English
en,English
en,English
ru,Pусский
es,Español
en,English
it,Italiano
en,English
fr,Français
en,English
en,English
en,English
ja,日本語
en,English
en,English
en,English
en,English
en,English
en,English
en,English
en,English
en,English
en,English
en,English
de,Deutsch
no,Norsk
en,English
en,English
en,English
en,English
en,English
cn,广州话 / 廣州話
en,English
ja,日本語
zh,普通话
en,English
en,English
fr,Français
it,Italiano
ja,日本語
de,Deutsch
en,English
en,English
en,English
en,English
it,Italiano
en,English
en,English
en,English
pl,Polski
ru,Pусский
fr,Français
en,English
en,English
en,English
en,English
en,English
en,English
en,English
en,English
pt,Português
en,English
en,English
en,English
es,Español
en,English
en,English
es,Español
es,Español
en,English
cn,广州话 / 廣州話
en,English
fr,Français
it,Italiano
pl,Polski
en,English
en,English
en,English
en,English
it,Italiano
en,English
en,English
th,ภาษาไทย
en,English
en,English
en,English
en,English
en,English
en,English
en,English
en,English
en,English
en,English
fr,Français
ru,Pусский
en,English
en,English
ja,日本語
en,English
en,English
pt,Português
en,English
en,English
en,English
en,English
en,English
en,English
es,Español
en,English
en,English
fr,Français
en,English
cs,Český
en,English
fr,Français
pl,Polski
ru,Pусский
en,English
da,Dansk
en,English
hu,Magyar
la,Latin
en,English
ru,Pусский
cn,广州话 / 廣州話
zh,普通话
en,English
en,English
en,English
fr,Français
en,English
fi,suomi
en,English
es,Español
en,English
en,English
en,English
en,English
fr,Français
es,Español
en,English
en,English
en,English
en,English
en,English
it,Italiano
en,English
es,Español
en,English
en,English
en,English
en,English
en,English
en,English
en,English
en,English
en,English
fr,Français
en,English
en,English
en,English
en,English
en,English
en,English
en,English
ja,日本語
en,English
en,English
en,English
en,English
en,English
en,English
fr,Français
en,English
en,English
en,English
en,English
en,English
en,English
en,English
en,English
es,Español
en,English
es,Español
en,English
en,English
es,Español
en,English
en,English
fr,Français
en,English
en,English
fr,Français
en,English
en,English
en,English
fr,Français
it,Italiano
la,Latin
en,English
fr,Français
de,Deutsch
zh,普通话
cn,广州话 / 廣州話
en,English
en,English
en,English
ru,Pусский
tr,Türkçe
el,ελληνικά
en,English
en,English
en,English
en,English
en,English
en,English
en,English
en,English
en,English
hi,हिन्दी
hi,हिन्दी
en,English
fr,Français
en,English
es,Español
en,English
en,English
he,עִבְרִית
en,English
en,English
fr,Français
en,English
en,English
nl,Nederlands
en,English
pl,Polski
pt,Português
en,English
ru,Pусский
en,English
fr,Français
en,English
pl,Polski
pt,Português
es,Español
en,English
en,English
it,Italiano
en,English
es,Español
en,English
en,English
en,English
en,English
en,English
de,Deutsch
en,English
en,English
ja,日本語
en,English
de,Deutsch
en,English
en,English
en,English
en,English
nl,Nederlands
de,Deutsch
en,English
he,עִבְרִית
en,English
fr,Français
de,Deutsch
la,Latin
en,English
fr,Français
pl,Polski
en,English
en,English
en,English
fr,Français
de,Deutsch
es,Español
en,English
fr,Français
hu,Magyar
en,English
en,English
en,English
en,English
es,Español
en,English
it,Italiano
en,English
ru,Pусский
en,English
en,English
en,English
en,English
en,English
en,English
en,English
es,Español
en,English
en,English
fr,Français
zh,普通话
en,English
en,English
en,English
en,English
en,English
he,עִבְרִית
fr,Français
en,English
ru,Pусский
hu,Magyar
en,English
en,English
en,English
en,English
en,English
es,Español
de,Deutsch
he,עִבְרִית
ar,العربية
ne,
en,English
fr,Français
hi,हिन्दी
en,English
fr,Français
es,Español
en,English
pl,Polski
en,English
en,English
fr,Français
en,English
cn,广州话 / 廣州話
en,English
ro,Română
en,English
en,English
en,English
en,English
en,English
en,English
en,English
en,English
en,English
en,English
en,English
en,English
en,English
en,English
en,English
en,English
en,English
en,English
en,English
fr,Français
ru,Pусский
en,English
en,English
en,English
en,English
en,English
en,English
fr,Français
pl,Polski
en,English
en,English
en,English
et,Eesti
fr,Français
en,English
en,English
en,English
en,English
en,English
ja,日本語
ru,Pусский
en,English
en,English
en,English
en,English
en,English
it,Italiano
es,Español
en,English
en,English
es,Español
ar,العربية
en,English
es,Español
fr,Français
ja,日本語
ru,Pусский
en,English
en,English
ar,العربية
en,English
fr,Français
ko,한국어/조선말
en,English
en,English
de,Deutsch
en,English
en,English
es,Español
en,English
en,English
en,English
it,Italiano
es,Español
en,English
en,English
en,English
ru,Pусский
en,English
de,Deutsch
da,Dansk
en,English
en,English
en,English
fr,Français
ko,한국어/조선말
es,Español
en,English
en,English
en,English
en,English
tr,Türkçe
en,English
cs,Český
en,English
en,English
en,English
en,English
en,English
en,English
en,English
en,English
en,English
en,English
en,English
en,English
en,English
es,Español
en,English
la,Latin
en,English
en,English
en,English
en,English
fr,Français
de,Deutsch
en,English
en,English
en,English
en,English
da,Dansk
en,English
en,English
en,English
en,English
es,Español
en,English
en,English
es,Español
cn,广州话 / 廣州話
en,English
en,English
pt,Português
ps,پښتو
ru,Pусский
ur,اردو
en,English
en,English
es,Español
en,English
en,English
en,English
pl,Polski
en,English
en,English
en,English
en,English
de,Deutsch
en,English
en,English
en,English
en,English
en,English
en,English
en,English
en,English
fr,Français
vi,Tiếng Việt
cs,Český
en,English
en,English
en,English
es,Español
cs,Český
en,English
en,English
en,English
fr,Français
en,English
en,English
en,English
en,English
en,English
fr,Français
en,English
en,English
hu,Magyar
it,Italiano
en,English
en,English
en,English
en,English
en,English
en,English
en,English
en,English
en,English
en,English
en,English
en,English
en,English
es,Español
en,English
en,English
en,English
fr,Français
de,Deutsch
it,Italiano
ja,日本語
en,English
en,English
en,English
en,English
en,English
pt,Português
en,English
en,English
es,Español
en,English
en,English
de,Deutsch
en,English
en,English
en,English
es,Español
en,English
fr,Français
cs,Český
ja,日本語
en,English
ja,日本語
it,Italiano
fr,Français
de,Deutsch
en,English
en,English
en,English
en,English
en,English
en,English
ja,日本語
zh,普通话
en,English
en,English
es,Español
en,English
uk,Український
en,English
fr,Français
en,English
ja,日本語
pl,Polski
en,English
en,English
en,English
cn,广州话 / 廣州話
fr,Français
en,English
tr,Türkçe
en,English
en,English
en,English
zh,普通话
en,English
en,English
ta,தமிழ்
en,English
en,English
es,Español
en,English
en,English
fr,Français
zh,普通话
en,English
en,English
fr,Français
de,Deutsch
sv,svenska
en,English
en,English
en,English
cs,Český
en,English
de,Deutsch
en,English
en,English
en,English
en,English
en,English
en,English
pt,Português
en,English
en,English
en,English
it,Italiano
de,Deutsch
fr,Français
en,English
en,English
de,Deutsch
en,English
ja,日本語
zh,普通话
cn,广州话 / 廣州話
en,English
en,English
de,Deutsch
en,English
en,English
en,English
en,English
en,English
en,English
en,English
en,English
en,English
en,English
la,Latin
en,English
fr,Français
it,Italiano
pl,Polski
es,Español
cn,广州话 / 廣州話
en,English
en,English
pt,Português
en,English
sv,svenska
en,English
en,English
en,English
he,עִבְרִית
kk,қазақ
en,English
en,English
ru,Pусский
en,English
en,English
en,English
en,English
en,English
en,English
en,English
en,English
en,English
en,English
es,Español
en,English
de,Deutsch
it,Italiano
la,Latin
it,Italiano
en,English
sw,Kiswahili
en,English
de,Deutsch
vi,Tiếng Việt
cs,Český
en,English
fr,Français
de,Deutsch
it,Italiano
pl,Polski
es,Español
en,English
en,English
en,English
en,English
en,English
ar,العربية
de,Deutsch
en,English
en,English
en,English
en,English
en,English
it,Italiano
en,English
en,English
en,English
en,English
en,English
en,English
en,English
en,English
en,English
en,English
en,English
en,English
en,English
en,English
en,English
fr,Français
en,English
en,English
es,Español
en,English
en,English
en,English
en,English
en,English
en,English
en,English
en,English
hu,Magyar
en,English
en,English
en,English
zh,普通话
mn,
en,English
ru,Pусский
en,English
en,English
en,English
zh,普通话
en,English
en,English
en,English
de,Deutsch
it,Italiano
la,Latin
pl,Polski
en,English
en,English
en,English
en,English
en,English
fr,Français
de,Deutsch
en,English
es,Español
ar,العربية
hu,Magyar
ja,日本語
ru,Pусский
en,English
en,English
en,English
en,English
en,English
fr,Français
en,English
en,English
en,English
en,English
en,English
ru,Pусский
en,English
en,English
en,English
fr,Français
en,English
ru,Pусский
sr,Srpski
en,English
en,English
en,English
fr,Français
en,English
en,English
en,English
en,English
en,English
hy,
en,English
en,English
de,Deutsch
en,English
de,Deutsch
en,English
en,English
en,English
en,English
en,English
en,English
en,English
en,English
en,English
it,Italiano
en,English
en,English
en,English
en,English
en,English
en,English
en,English
en,English
en,English
en,English
en,English
en,English
en,English
es,Español
en,English
fr,Français
it,Italiano
ru,Pусский
th,ภาษาไทย
en,English
en,English
ru,Pусский
en,English
en,English
en,English
en,English
en,English
es,Español
en,English
en,English
fr,Français
es,Español
en,English
en,English
cs,Český
en,English
en,English
en,English
en,English
en,English
tr,Türkçe
en,English
en,English
fa,فارسی
en,English
en,English
en,English
en,English
en,English
en,English
fr,Français
en,English
he,עִבְרִית
en,English
en,English
en,English
en,English
es,Español
fr,Français
en,English
en,English
en,English
en,English
en,English
en,English
es,Español
en,English
ar,العربية
en,English
sv,svenska
en,English
en,English
es,Español
en,English
en,English
en,English
en,English
en,English
en,English
en,English
en,English
en,English
en,English
fr,Français
ru,Pусский
en,English
zh,普通话
en,English
en,English
en,English
en,English
en,English
la,Latin
en,English
pl,Polski
en,English
fr,Français
zh,普通话
ru,Pусский
es,Español
en,English
fr,Français
es,Español
en,English
fr,Français
en,English
en,English
ja,日本語
en,English
en,English
ja,日本語
en,English
en,English
en,English
hy,
en,English
fr,Français
de,Deutsch
tr,Türkçe
en,English
en,English
fr,Français
ja,日本語
ru,Pусский
en,English
fr,Français
en,English
en,English
en,English
fr,Français
ru,Pусский
en,English
en,English
zh,普通话
en,English
en,English
en,English
en,English
en,English
en,English
ko,한국어/조선말
en,English
en,English
en,English
en,English
en,English
en,English
en,English
de,Deutsch
en,English
fr,Français
en,English
en,English
en,English
de,Deutsch
fr,Français
en,English
en,English
en,English
fr,Français
it,Italiano
en,English
fr,Français
ru,Pусский
vi,Tiếng Việt
sq,shqip
en,English
it,Italiano
en,English
en,English
es,Español
de,Deutsch
en,English
en,English
en,English
en,English
en,English
en,English
es,Español
en,English
la,Latin
en,English
fr,Français
it,Italiano
en,English
en,English
ar,العربية
en,English
tr,Türkçe
en,English
en,English
en,English
en,English
en,English
en,English
en,English
en,English
en,English
en,English
en,English
en,English
en,English
en,English
es,Español
en,English
es,Español
en,English
en,English
en,English
en,English
en,English
en,English
en,English
en,English
en,English
en,English
es,Español
en,English
en,English
fr,Français
ar,العربية
en,English
en,English
en,English
en,English
en,English
es,Español
en,English
en,English
fr,Français
en,English
ar,العربية
tr,Türkçe
en,English
it,Italiano
en,English
en,English
en,English
en,English
en,English
fr,Français
gd,
en,English
en,English
en,English
cs,Český
en,English
en,English
en,English
en,English
fr,Français
it,Italiano
en,English
en,English
en,English
en,English
en,English
en,English
en,English
fr,Français
en,English
he,עִבְרִית
es,Español
de,Deutsch
cs,Český
en,English
en,English
en,English
fr,Français
ur,اردو
en,English
en,English
es,Español
sv,svenska
de,Deutsch
en,English
en,English
en,English
en,English
en,English
fr,Français
en,English
en,English
en,English
en,English
fr,Français
en,English
es,Español
en,English
en,English
en,English
es,Español
en,English
en,English
pl,Polski
en,English
en,English
en,English
fr,Français
zh,普通话
ru,Pусский
es,Español
en,English
en,English
ru,Pусский
en,English
en,English
en,English
fr,Français
gd,
xx,No Language
fr,Français
en,English
zh,普通话
en,English
ru,Pусский
cs,Český
zh,普通话
ru,Pусский
th,ภาษาไทย
en,English
gd,
en,English
en,English
fr,Français
en,English
en,English
en,English
de,Deutsch
en,English
it,Italiano
en,English
en,English
en,English
en,English
es,Español
ja,日本語
zh,普通话
cn,广州话 / 廣州話
en,English
en,English
en,English
fr,Français
it,Italiano
en,English
en,English
en,English
fr,Français
de,Deutsch
it,Italiano
yi,
en,English
en,English
en,English
fr,Français
hi,हिन्दी
en,English
en,English
en,English
it,Italiano
ja,日本語
en,English
en,English
en,English
es,Español
en,English
fr,Français
de,Deutsch
ru,Pусский
en,English
en,English
en,English
it,Italiano
ar,العربية
en,English
it,Italiano
en,English
en,English
en,English
en,English
cs,Český
en,English
en,English
fr,Français
en,English
fr,Français
en,English
en,English
fr,Français
es,Español
en,English
en,English
en,English
en,English
en,English
en,English
it,Italiano
ru,Pусский
en,English
en,English
en,English
en,English
en,English
en,English
de,Deutsch
es,Español
en,English
en,English
fr,Français
en,English
en,English
it,Italiano
en,English
af,Afrikaans
en,English
zu,isiZulu
en,English
en,English
en,English
en,English
fr,Français
en,English
fr,Français
de,Deutsch
it,Italiano
zh,普通话
en,English
en,English
en,English
en,English
en,English
en,English
es,Español
en,English
en,English
en,English
en,English
en,English
vi,Tiếng Việt
en,English
hu,Magyar
de,Deutsch
ru,Pусский
gl,Galego
es,Español
en,English
en,English
ko,한국어/조선말
en,English
en,English
fr,Français
it,Italiano
en,English
it,Italiano
la,Latin
es,Español
en,English
en,English
en,English
en,English
fr,Français
ja,日本語
en,English
en,English
en,English
en,English
fr,Français
en,English
it,Italiano
pt,Português
en,English
en,English
en,English
en,English
en,English
en,English
es,Español
en,English
en,English
en,English
tr,Türkçe
en,English
en,English
en,English
en,English
fr,Français
en,English
en,English
es,Español
en,English
en,English
ja,日本語
en,English
en,English
en,English
en,English
en,English
en,English
fr,Français
en,English
en,English
en,English
en,English
ru,Pусский
en,English
es,Español
fr,Français
en,English
zh,普通话
ar,العربية
en,English
en,English
fr,Français
en,English
en,English
en,English
pl,Polski
en,English
en,English
en,English
de,Deutsch
en,English
en,English
de,Deutsch
en,English
bs,Bosanski
hr,Hrvatski
en,English
sr,Srpski
en,English
en,English
ko,한국어/조선말
en,English
en,English
xx,No Language
en,English
ja,日本語
ru,Pусский
es,Español
en,English
en,English
it,Italiano
en,English
en,English
en,English
en,English
en,English
es,Español
en,English
en,English
es,Español
en,English
en,English
fr,Français
en,English
it,Italiano
en,English
en,English
en,English
es,Español
en,English
fr,Français
en,English
ko,한국어/조선말
en,English
de,Deutsch
fr,Français
la,Latin
ar,العربية
el,ελληνικά
en,English
en,English
en,English
fr,Français
cs,Český
en,English
it,Italiano
en,English
en,English
en,English
en,English
en,English
de,Deutsch
en,English
en,English
ru,Pусский
en,English
cs,Český
en,English
en,English
en,English
en,English
en,English
en,English
en,English
en,English
en,English
en,English
en,English
es,Español
en,English
en,English
en,English
en,English
en,English
fr,Français
ru,Pусский
en,English
en,English
ru,Pусский
en,English
he,עִבְרִית
en,English
en,English
en,English
en,English
en,English
en,English
en,English
en,English
en,English
en,English
es,Español
en,English
en,English
en,English
en,English
es,Español
ko,한국어/조선말
en,English
en,English
en,English
en,English
en,English
en,English
de,Deutsch
en,English
fr,Français
en,English
en,English
zh,普通话
en,English
en,English
en,English
en,English
en,English
en,English
en,English
en,English
en,English
en,English
en,English
en,English
en,English
ko,한국어/조선말
en,English
en,English
it,Italiano
es,Español
en,English
it,Italiano
ja,日本語
es,Español
zh,普通话
en,English
en,English
cn,广州话 / 廣州話
ja,日本語
zh,普通话
en,English
en,English
en,English
fr,Français
ro,Română
en,English
it,Italiano
ja,日本語
es,Español
en,English
en,English
en,English
en,English
ru,Pусский
en,English
es,Español
pl,Polski
en,English
de,Deutsch
he,עִבְרִית
hu,Magyar
pl,Polski
yi,
cs,Český
en,English
fr,Français
zh,普通话
en,English
en,English
de,Deutsch
ja,日本語
zh,普通话
en,English
de,Deutsch
zh,普通话
ru,Pусский
ja,日本語
en,English
ka,ქართული
en,English
en,English
en,English
en,English
ru,Pусский
en,English
en,English
en,English
ja,日本語
en,English
zh,普通话
cn,广州话 / 廣州話
en,English
es,Español
en,English
en,English
en,English
ru,Pусский
en,English
pt,Português
en,English
en,English
en,English
en,English
en,English
en,English
en,English
en,English
en,English
sw,Kiswahili
en,English
en,English
vi,Tiếng Việt
en,English
fr,Français
en,English
fr,Français
la,Latin
en,English
en,English
en,English
es,Español
th,ภาษาไทย
vi,Tiếng Việt
en,English
en,English
en,English
en,English
de,Deutsch
fr,Français
en,English
en,English
en,English
en,English
fr,Français
en,English
en,English
en,English
de,Deutsch
en,English
en,English
en,English
en,English
en,English
en,English
en,English
hi,हिन्दी
hu,Magyar
es,Español
en,English
en,English
en,English
fr,Français
en,English
en,English
en,English
ru,Pусский
de,Deutsch
en,English
en,English
en,English
en,English
en,English
en,English
hi,हिन्दी
en,English
en,English
en,English
en,English
ru,Pусский
en,English
en,English
en,English
en,English
hi,हिन्दी
en,English
es,Español
en,English
fr,Français
en,English
en,English
it,Italiano
en,English
en,English
ru,Pусский
pl,Polski
en,English
en,English
en,English
en,English
en,English
en,English
es,Español
en,English
es,Español
en,English
fr,Français
de,Deutsch
en,English
en,English
ja,日本語
en,English
en,English
en,English
fr,Français
de,Deutsch
el,ελληνικά
en,English
hi,हिन्दी
en,English
en,English
en,English
en,English
en,English
es,Español
en,English
uk,Український
en,English
fr,Français
pt,Português
en,English
th,ภาษาไทย
en,English
en,English
en,English
en,English
en,English
en,English
fr,Français
de,Deutsch
vi,Tiếng Việt
en,English
pt,Português
en,English
en,English
en,English
hu,Magyar
en,English
en,English
en,English
en,English
ru,Pусский
en,English
en,English
fr,Français
en,English
en,English
en,English
no,Norsk
en,English
en,English
en,English
es,Español
fr,Français
en,English
la,Latin
es,Español
en,English
en,English
en,English
en,English
de,Deutsch
en,English
en,English
en,English
en,English
en,English
sv,svenska
cn,广州话 / 廣州話
en,English
zh,普通话
en,English
en,English
es,Español
pt,Português
en,English
en,English
en,English
en,English
en,English
pl,Polski
en,English
en,English
en,English
es,Español
en,English
en,English
en,English
it,Italiano
en,English
fr,Français
en,English
pt,Português
en,English
en,English
en,English
ru,Pусский
fr,Français
so,Somali
es,Español
en,English
en,English
en,English
en,English
en,English
en,English
en,English
en,English
en,English
fr,Français
de,Deutsch
it,Italiano
zh,普通话
es,Español
en,English
en,English
en,English
en,English
en,English
en,English
en,English
fr,Français
hu,Magyar
en,English
en,English
it,Italiano
en,English
en,English
it,Italiano
ru,Pусский
en,English
en,English
en,English
fr,Français
en,English
fa,فارسی
es,Español
zh,普通话
ko,한국어/조선말
en,English
fr,Français
en,English
en,English
en,English
pl,Polski
en,English
hu,Magyar
en,English
en,English
en,English
en,English
es,Español
en,English
en,English
en,English
en,English
hi,हिन्दी
en,English
en,English
cs,Český
en,English
fr,Français
en,English
en,English
en,English
en,English
it,Italiano
el,ελληνικά
en,English
en,English
cn,广州话 / 廣州話
zh,普通话
pt,Português
th,ภาษาไทย
en,English
de,Deutsch
fr,Français
hu,Magyar
en,English
hu,Magyar
en,English
fr,Français
en,English
en,English
en,English
en,English
en,English
hu,Magyar
ru,Pусский
en,English
en,English
en,English
fr,Français
es,Español
fr,Français
en,English
ru,Pусский
en,English
pl,Polski
ru,Pусский
en,English
en,English
en,English
en,English
no,Norsk
en,English
en,English
en,English
pl,Polski
en,English
en,English
en,English
en,English
hu,Magyar
en,English
en,English
en,English
is,Íslenska
ru,Pусский
es,Español
sv,svenska
en,English
pa,ਪੰਜਾਬੀ
en,English
en,English
en,English
ko,한국어/조선말
en,English
en,English
en,English
en,English
en,English
en,English
en,English
ja,日本語
ru,Pусский
en,English
fr,Français
en,English
en,English
en,English
es,Español
en,English
hu,Magyar
en,English
en,English
en,English
en,English
hi,हिन्दी
es,Español
en,English
en,English
pl,Polski
hi,हिन्दी
en,English
es,Español
en,English
en,English
en,English
he,עִבְרִית
ru,Pусский
en,English
fr,Français
en,English
it,Italiano
en,English
en,English
en,English
en,English
fr,Français
ru,Pусский
es,Español
en,English
en,English
fr,Français
en,English
hi,हिन्दी
en,English
en,English
ru,Pусский
en,English
pt,Português
en,English
it,Italiano
en,English
en,English
fr,Français
en,English
en,English
en,English
fr,Français
en,English
en,English
es,Español
en,English
en,English
en,English
en,English
en,English
en,English
ja,日本語
ko,한국어/조선말
es,Español
en,English
th,ภาษาไทย
en,English
fr,Français
ar,العربية
en,English
fr,Français
en,English
en,English
da,Dansk
de,Deutsch
en,English
en,English
fr,Français
en,English
en,English
en,English
en,English
en,English
ar,العربية
fr,Français
ja,日本語
en,English
en,English
th,ภาษาไทย
en,English
en,English
en,English
es,Español
en,English
en,English
en,English
en,English
no,Norsk
en,English
bn,বাংলা
cs,Český
en,English
fr,Français
hi,हिन्दी
en,English
en,English
en,English
ko,한국어/조선말
fr,Français
en,English
en,English
hi,हिन्दी
ur,اردو
en,English
en,English
it,Italiano
hi,हिन्दी
en,English
ga,Gaeilge
la,Latin
hi,हिन्दी
en,English
en,English
ar,العربية
en,English
ku,
tr,Türkçe
en,English
es,Español
fr,Français
en,English
en,English
en,English
en,English
fr,Français
it,Italiano
en,English
it,Italiano
en,English
en,English
es,Español
en,English
en,English
en,English
en,English
en,English
en,English
ja,日本語
en,English
en,English
en,English
en,English
en,English
de,Deutsch
en,English
en,English
en,English
en,English
tr,Türkçe
en,English
es,Español
en,English
es,Español
cn,广州话 / 廣州話
en,English
en,English
fr,Français
en,English
it,Italiano
es,Español
en,English
de,Deutsch
pl,Polski
en,English
en,English
en,English
en,English
de,Deutsch
en,English
en,English
en,English
it,Italiano
pt,Português
es,Español
pt,Português
en,English
en,English
de,Deutsch
en,English
en,English
fr,Français
ja,日本語
en,English
en,English
en,English
en,English
en,English
en,English
en,English
en,English
en,English
en,English
it,Italiano
en,English
en,English
en,English
en,English
en,English
en,English
en,English
en,English
en,English
en,English
en,English
fr,Français
en,English
ja,日本語
en,English
en,English
fr,Français
en,English
zh,普通话
en,English
en,English
en,English
fr,Français
en,English
en,English
en,English
de,Deutsch
en,English
hu,Magyar
pl,Polski
it,Italiano
en,English
cn,广州话 / 廣州話
en,English
ar,العربية
fr,Français
es,Español
en,English
en,English
pl,Polski
en,English
en,English
pl,Polski
en,English
en,English
de,Deutsch
pl,Polski
en,English
en,English
en,English
en,English
en,English
fr,Français
en,English
en,English
en,English
fr,Français
en,English
hi,हिन्दी
en,English
fr,Français
de,Deutsch
fa,فارسی
en,English
de,Deutsch
en,English
en,English
en,English
it,Italiano
en,English
en,English
en,English
de,Deutsch
en,English
it,Italiano
la,Latin
en,English
pt,Português
en,English
fr,Français
sv,svenska
en,English
mi,
en,English
en,English
en,English
hu,Magyar
en,English
en,English
en,English
en,English
en,English
en,English
en,English
th,ภาษาไทย
cn,广州话 / 廣州話
en,English
en,English
fr,Français
en,English
en,English
en,English
en,English
es,Español
en,English
en,English
it,Italiano
en,English
ru,Pусский
en,English
en,English
en,English
he,עִבְרִית
yi,
en,English
fr,Français
en,English
en,English
en,English
es,Español
en,English
en,English
en,English
hi,हिन्दी
hu,Magyar
it,Italiano
pa,ਪੰਜਾਬੀ
es,Español
en,English
en,English
en,English
en,English
to,
hi,हिन्दी
en,English
en,English
pl,Polski
en,English
en,English
en,English
fr,Français
sk,Slovenčina
en,English
en,English
en,English
en,English
es,Español
en,English
en,English
fr,Français
en,English
it,Italiano
en,English
en,English
en,English
en,English
en,English
en,English
fr,Français
en,English
en,English
ru,Pусский
en,English
fr,Français
en,English
en,English
es,Español
cn,广州话 / 廣州話
en,English
ru,Pусский
en,English
en,English
en,English
en,English
en,English
en,English
en,English
de,Deutsch
en,English
en,English
en,English
fr,Français
ar,العربية
en,English
en,English
fr,Français
it,Italiano
en,English
pt,Português
en,English
en,English
en,English
en,English
en,English
en,English
fr,Français
de,Deutsch
ru,Pусский
en,English
en,English
en,English
en,English
en,English
de,Deutsch
sw,Kiswahili
en,English
en,English
ro,Română
en,English
en,English
en,English
en,English
en,English
es,Español
en,English
en,English
en,English
de,Deutsch
en,English
en,English
en,English
en,English
en,English
vi,Tiếng Việt
ar,العربية
en,English
en,English
es,Español
en,English
en,English
en,English
en,English
en,English
en,English
es,Español
en,English
fr,Français
hu,Magyar
en,English
en,English
en,English
en,English
en,English
en,English
en,English
en,English
zh,普通话
cn,广州话 / 廣州話
en,English
en,English
en,English
fr,Français
en,English
en,English
en,English
fr,Français
de,Deutsch
sw,Kiswahili
en,English
en,English
en,English
en,English
en,English
en,English
fr,Français
en,English
es,Español
en,English
ga,Gaeilge
en,English
en,English
en,English
en,English
en,English
en,English
fr,Français
en,English
en,English
de,Deutsch
en,English
en,English
de,Deutsch
en,English
fr,Français
hu,Magyar
en,English
en,English
en,English
de,Deutsch
es,Español
en,English
en,English
en,English
es,Español
en,English
en,English
fr,Français
en,English
zh,普通话
en,English
en,English
en,English
en,English
fr,Français
de,Deutsch
ru,Pусский
en,English
pl,Polski
en,English
en,English
en,English
fr,Français
en,English
en,English
en,English
en,English
en,English
en,English
it,Italiano
fr,Français
es,Español
en,English
ca,Català
da,Dansk
de,Deutsch
en,English
nl,Nederlands
en,English
de,Deutsch
en,English
de,Deutsch
en,English
en,English
zh,普通话
en,English
zh,普通话
th,ภาษาไทย
vi,Tiếng Việt
en,English
en,English
pa,ਪੰਜਾਬੀ
en,English
en,English
hi,हिन्दी
es,Español
en,English
en,English
en,English
fr,Français
en,English
en,English
yi,
en,English
en,English
en,English
en,English
en,English
fr,Français
en,English
fr,Français
it,Italiano
en,English
en,English
en,English
fr,Français
fr,Français
ja,日本語
hi,हिन्दी
en,English
en,English
es,Español
en,English
en,English
da,Dansk
en,English
no,Norsk
ru,Pусский
en,English
en,English
en,English
en,English
en,English
hi,हिन्दी
en,English
th,ภาษาไทย
en,English
en,English
en,English
en,English
en,English
en,English
en,English
es,Español
en,English
en,English
en,English
en,English
en,English
en,English
en,English
en,English
en,English
en,English
ja,日本語
en,English
en,English
en,English
en,English
en,English
en,English
en,English
en,English
en,English
en,English
en,English
en,English
en,English
en,English
en,English
en,English
en,English
en,English
el,ελληνικά
en,English
en,English
fr,Français
en,English
el,ελληνικά
en,English
en,English
en,English
es,Español
en,English
en,English
ru,Pусский
en,English
es,Español
en,English
en,English
en,English
en,English
es,Español
cs,Český
en,English
en,English
es,Español
fr,Français
en,English
th,ภาษาไทย
en,English
en,English
en,English
en,English
fr,Français
en,English
en,English
de,Deutsch
en,English
en,English
en,English
fr,Français
en,English
en,English
en,English
es,Español
en,English
en,English
pt,Português
en,English
en,English
en,English
es,Español
en,English
en,English
he,עִבְרִית
en,English
en,English
es,Español
ar,العربية
fr,Français
fr,Français
en,English
de,Deutsch
en,English
en,English
en,English
pt,Português
en,English
en,English
en,English
en,English
en,English
en,English
en,English
en,English
en,English
en,English
es,Español
en,English
en,English
hi,हिन्दी
en,English
en,English
en,English
en,English
de,Deutsch
en,English
en,English
en,English
en,English
en,English
es,Español
en,English
en,English
pt,Português
es,Español
en,English
fr,Français
pl,Polski
en,English
en,English
en,English
en,English
en,English
pt,Português
en,English
en,English
ar,العربية
en,English
ro,Română
en,English
en,English
en,English
en,English
fr,Français
de,Deutsch
en,English
pl,Polski
cs,Český
de,Deutsch
el,ελληνικά
en,English
fr,Français
en,English
en,English
en,English
en,English
en,English
en,English
en,English
en,English
en,English
en,English
th,ภาษาไทย
fr,Français
en,English
en,English
en,English
fr,Français
en,English
en,English
en,English
en,English
en,English
en,English
en,English
en,English
en,English
en,English
en,English
en,English
es,Español
en,English
es,Español
en,English
en,English
nl,Nederlands
en,English
fr,Français
de,Deutsch
en,English
en,English
en,English
ja,日本語
ko,한국어/조선말
fr,Français
en,English
it,Italiano
cn,广州话 / 廣州話
es,Español
en,English
ru,Pусский
sv,svenska
en,English
en,English
hi,हिन्दी
en,English
en,English
en,English
fr,Français
ar,العربية
hi,हिन्दी
ml,
en,English
en,English
sr,Srpski
en,English
en,English
de,Deutsch
en,English
es,Español
sr,Srpski
sv,svenska
en,English
mi,
hi,हिन्दी
fr,Français
de,Deutsch
en,English
en,English
de,Deutsch
ru,Pусский
en,English
en,English
en,English
en,English
ja,日本語
en,English
en,English
de,Deutsch
en,English
de,Deutsch
en,English
en,English
en,English
en,English
en,English
en,English
en,English
it,Italiano
en,English
en,English
en,English
de,Deutsch
fr,Français
ru,Pусский
en,English
de,Deutsch
es,Español
en,English
es,Español
en,English
en,English
en,English
en,English
en,English
ru,Pусский
en,English
en,English
en,English
es,Español
en,English
en,English
de,Deutsch
en,English
fr,Français
ru,Pусский
es,Español
en,English
pl,Polski
pt,Português
es,Español
en,English
en,English
en,English
en,English
en,English
pt,Português
en,English
en,English
en,English
en,English
en,English
en,English
en,English
it,Italiano
es,Español
en,English
en,English
en,English
en,English
fr,Français
en,English
en,English
en,English
en,English
en,English
de,Deutsch
es,Español
en,English
en,English
en,English
en,English
en,English
es,Español
de,Deutsch
en,English
en,English
de,Deutsch
pt,Português
en,English
fr,Français
de,Deutsch
en,English
it,Italiano
en,English
ru,Pусский
en,English
ar,العربية
en,English
fr,Français
en,English
de,Deutsch
en,English
it,Italiano
en,English
en,English
en,English
en,English
en,English
en,English
fr,Français
la,Latin
es,Español
en,English
de,Deutsch
en,English
en,English
en,English
fr,Français
es,Español
en,English
ar,العربية
en,English
ur,اردو
pt,Português
en,English
en,English
en,English
it,Italiano
en,English
en,English
it,Italiano
en,English
en,English
en,English
en,English
en,English
en,English
en,English
en,English
en,English
en,English
en,English
en,English
en,English
en,English
fr,Français
en,English
hu,Magyar
es,Español
en,English
en,English
en,English
en,English
es,Español
no,Norsk
en,English
en,English
en,English
en,English
en,English
ru,Pусский
en,English
en,English
en,English
en,English
en,English
en,English
it,Italiano
en,English
en,English
hu,Magyar
fr,Français
en,English
en,English
es,Español
en,English
en,English
en,English
pt,Português
en,English
en,English
en,English
da,Dansk
pl,Polski
en,English
en,English
en,English
es,Español
en,English
en,English
en,English
fr,Français
en,English
en,English
en,English
en,English
es,Español
en,English
fr,Français
en,English
en,English
zh,普通话
en,English
es,Español
en,English
en,English
en,English
en,English
en,English
en,English
ga,Gaeilge
la,Latin
en,English
zh,普通话
en,English
en,English
it,Italiano
en,English
en,English
pt,Português
fr,Français
br,
en,English
en,English
en,English
en,English
en,English
en,English
ja,日本語
th,ภาษาไทย
en,English
en,English
en,English
en,English
en,English
en,English
de,Deutsch
no,Norsk
sv,svenska
en,English
de,Deutsch
en,English
tr,Türkçe
en,English
en,English
en,English
en,English
en,English
en,English
de,Deutsch
it,Italiano
es,Español
en,English
en,English
el,ελληνικά
fr,Français
en,English
en,English
en,English
en,English
hi,हिन्दी
en,English
ru,Pусский
ur,اردو
it,Italiano
en,English
en,English
en,English
en,English
fr,Français
de,Deutsch
en,English
es,Español
en,English
en,English
it,Italiano
en,English
en,English
en,English
es,Español
en,English
af,Afrikaans
xh,
zu,isiZulu
en,English
ru,Pусский
en,English
en,English
ko,한국어/조선말
en,English
en,English
en,English
en,English
en,English
en,English
en,English
en,English
en,English
en,English
en,English
de,Deutsch
en,English
en,English
en,English
en,English
en,English
en,English
en,English
en,English
de,Deutsch
en,English
pt,Português
ru,Pусский
en,English
en,English
en,English
en,English
it,Italiano
en,English
en,English
en,English
en,English
en,English
es,Español
en,English
en,English
pt,Português
en,English
es,Español
en,English
en,English
en,English
en,English
it,Italiano
en,English
fr,Français
en,English
pt,Português
en,English
en,English
en,English
en,English
en,English
en,English
de,Deutsch
en,English
hi,हिन्दी
en,English
ar,العربية
en,English
it,Italiano
da,Dansk
en,English
fr,Français
nl,Nederlands
en,English
en,English
de,Deutsch
yi,
en,English
es,Español
pl,Polski
en,English
en,English
en,English
es,Español
zh,普通话
en,English
en,English
en,English
en,English
en,English
en,English
en,English
en,English
en,English
en,English
en,English
en,English
en,English
de,Deutsch
fr,Français
fr,Français
en,English
en,English
zh,普通话
en,English
en,English
en,English
ar,العربية
en,English
he,עִבְרִית
fa,فارسی
es,Español
en,English
en,English
en,English
en,English
en,English
hi,हिन्दी
de,Deutsch
la,Latin
en,English
es,Español
en,English
en,English
en,English
en,English
en,English
en,English
de,Deutsch
en,English
en,English
en,English
en,English
fr,Français
en,English
es,Español
fr,Français
en,English
en,English
en,English
en,English
en,English
nl,Nederlands
en,English
pl,Polski
en,English
en,English
en,English
en,English
en,English
pt,Português
en,English
en,English
en,English
en,English
en,English
en,English
en,English
en,English
en,English
no,Norsk
es,Español
en,English
ja,日本語
es,Español
en,English
en,English
en,English
en,English
ru,Pусский
tr,Türkçe
ro,Română
en,English
ja,日本語
en,English
yi,
en,English
en,English
it,Italiano
en,English
en,English
cn,广州话 / 廣州話
en,English
en,English
de,Deutsch
en,English
en,English
en,English
fr,Français
pt,Português
en,English
en,English
en,English
fr,Français
es,Español
en,English
pt,Português
es,Español
en,English
en,English
en,English
en,English
en,English
en,English
en,English
it,Italiano
en,English
en,English
es,Español
ko,한국어/조선말
en,English
en,English
de,Deutsch
en,English
he,עִבְרִית
ar,العربية
de,Deutsch
en,English
en,English
en,English
hu,Magyar
en,English
en,English
en,English
fr,Français
it,Italiano
en,English
en,English
fr,Français
fr,Français
en,English
fr,Français
en,English
en,English
en,English
en,English
it,Italiano
en,English
en,English
en,English
hi,हिन्दी
en,English
de,Deutsch
en,English
en,English
cs,Český
en,English
it,Italiano
en,English
en,English
en,English
en,English
en,English
en,English
af,Afrikaans
en,English
en,English
en,English
en,English
en,English
yi,
en,English
en,English
en,English
de,Deutsch
ru,Pусский
es,Español
cn,广州话 / 廣州話
en,English
en,English
pl,Polski
en,English
en,English
en,English
en,English
en,English
de,Deutsch
en,English
en,English
en,English
en,English
fr,Français
en,English
de,Deutsch
en,English
en,English
en,English
en,English
en,English
en,English
en,English
ar,العربية
fr,Français
hi,हिन्दी
en,English
fr,Français
en,English
en,English
en,English
en,English
en,English
en,English
es,Español
en,English
en,English
en,English
en,English
ta,தமிழ்
en,English
en,English
dz,
en,English
en,English
de,Deutsch
en,English
en,English
en,English
fr,Français
de,Deutsch
en,English
de,Deutsch
en,English
ja,日本語
en,English
en,English
en,English
es,Español
en,English
sh,
en,English
en,English
en,English
en,English
en,English
hi,हिन्दी
en,English
en,English
ru,Pусский
en,English
en,English
en,English
en,English
fr,Français
ar,العربية
en,English
he,עִבְרִית
en,English
en,English
hi,हिन्दी
fr,Français
de,Deutsch
en,English
en,English
en,English
en,English
en,English
en,English
fr,Français
en,English
en,English
th,ภาษาไทย
en,English
en,English
he,עִבְרִית
en,English
en,English
en,English
es,Español
en,English
he,עִבְרִית
en,English
en,English
en,English
fr,Français
en,English
he,עִבְרִית
hu,Magyar
en,English
en,English
en,English
en,English
en,English
en,English
en,English
en,English
en,English
en,English
en,English
en,English
hy,
en,English
fr,Français
en,English
en,English
en,English
en,English
en,English
en,English
en,English
ro,Română
en,English
en,English
en,English
es,Español
en,English
en,English
es,Español
de,Deutsch
en,English
es,Español
en,English
en,English
fr,Français
en,English
en,English
en,English
en,English
da,Dansk
de,Deutsch
en,English
it,Italiano
en,English
en,English
vi,Tiếng Việt
en,English
ky,??????
en,English
ru,Pусский
fr,Français
en,English
hi,हिन्दी
en,English
ru,Pусский
fr,Français
de,Deutsch
en,English
fr,Français
en,English
en,English
en,English
en,English
en,English
en,English
cy,Cymraeg
en,English
en,English
en,English
en,English
es,Español
en,English
hi,हिन्दी
en,English
en,English
en,English
en,English
de,Deutsch
en,English
en,English
fr,Français
it,Italiano
pt,Português
en,English
en,English
en,English
fr,Français
es,Español
en,English
en,English
de,Deutsch
hu,Magyar
en,English
en,English
en,English
en,English
en,English
en,English
ru,Pусский
en,English
en,English
de,Deutsch
en,English
en,English
zu,isiZulu
en,English
id,Bahasa indonesia
en,English
it,Italiano
en,English
de,Deutsch
fr,Français
it,Italiano
en,English
en,English
de,Deutsch
hi,हिन्दी
en,English
de,Deutsch
en,English
en,English
en,English
en,English
en,English
es,Español
en,English
en,English
fr,Français
en,English
en,English
en,English
en,English
de,Deutsch
pt,Português
ja,日本語
en,English
en,English
en,English
en,English
en,English
en,English
en,English
en,English
en,English
en,English
fr,Français
en,English
en,English
en,English
en,English
en,English
en,English
en,English
en,English
fr,Français
ur,اردو
zh,普通话
en,English
en,English
en,English
en,English
fr,Français
hu,Magyar
en,English
fr,Français
ru,Pусский
en,English
de,Deutsch
en,English
hi,हिन्दी
ur,اردو
en,English
ja,日本語
en,English
en,English
en,English
en,English
ar,العربية
he,עִבְרִית
en,English
en,English
en,English
en,English
id,Bahasa indonesia
en,English
en,English
en,English
en,English
en,English
en,English
hi,हिन्दी
en,English
en,English
en,English
en,English
en,English
en,English
en,English
en,English
es,Español
en,English
en,English
en,English
en,English
en,English
es,Español
ur,اردو
en,English
en,English
en,English
en,English
en,English
en,English
es,Español
en,English
en,English
en,English
es,Español
en,English
en,English
en,English
en,English
de,Deutsch
en,English
en,English
en,English
en,English
en,English
en,English
en,English
en,English
en,English
en,English
en,English
ro,Română
en,English
en,English
en,English
fr,Français
fa,فارسی
en,English
en,English
en,English
en,English
en,English
fr,Français
en,English
en,English
en,English
en,English
en,English
en,English
en,English
fa,فارسی
en,English
en,English
en,English
en,English
es,Español
de,Deutsch
es,Español
en,English
en,English
en,English
en,English
no,Norsk
en,English
de,Deutsch
en,English
en,English
en,English
en,English
en,English
en,English
sv,svenska
en,English
en,English
en,English
fr,Français
it,Italiano
la,Latin
zh,普通话
en,English
en,English
de,Deutsch
en,English
en,English
en,English
en,English
en,English
en,English
en,English
en,English
en,English
en,English
en,English
en,English
en,English
en,English
en,English
en,English
en,English
it,Italiano
en,English
en,English
en,English
en,English
en,English
fr,Français
en,English
bm,Bamanankan
fr,Français
en,English
en,English
en,English
en,English
sl,Slovenščina
en,English
hi,हिन्दी
en,English
en,English
en,English
en,English
en,English
es,Español
en,English
en,English
en,English
en,English
en,English
fr,Français
hu,Magyar
ps,پښتو
en,English
en,English
en,English
en,English
en,English
en,English
en,English
en,English
en,English
en,English
ja,日本語
en,English
en,English
en,English
en,English
en,English
en,English
es,Español
en,English
en,English
en,English
zh,普通话
en,English
en,English
en,English
en,English
en,English
fr,Français
de,Deutsch
en,English
en,English
en,English
de,Deutsch
es,Español
en,English
en,English
en,English
en,English
en,English
en,English
en,English
ga,Gaeilge
en,English
en,English
en,English
en,English
en,English
en,English
it,Italiano
sv,svenska
en,English
en,English
en,English
en,English
fr,Français
la,Latin
en,English
en,English
en,English
en,English
it,Italiano
en,English
sh,
en,English
pl,Polski
en,English
en,English
sv,svenska
en,English
en,English
en,English
en,English
en,English
en,English
he,עִבְרִית
en,English
en,English
en,English
en,English
en,English
el,ελληνικά
en,English
en,English
en,English
fr,Français
zh,普通话
en,English
en,English
en,English
en,English
en,English
fr,Français
en,English
en,English
hi,हिन्दी
en,English
en,English
en,English
en,English
en,English
en,English
en,English
en,English
en,English
en,English
en,English
en,English
en,English
fr,Français
de,Deutsch
en,English
en,English
en,English
en,English
en,English
en,English
en,English
de,Deutsch
en,English
en,English
en,English
en,English
en,English
en,English
en,English
en,English
zh,普通话
en,English
en,English
en,English
cn,广州话 / 廣州話
en,English
fr,Français
en,English
en,English
de,Deutsch
de,Deutsch
en,English
en,English
en,English
en,English
en,English
en,English
en,English
en,English
en,English
fr,Français
en,English
en,English
it,Italiano
es,Español
en,English
en,English
en,English
en,English
de,Deutsch
en,English
pl,Polski
en,English
en,English
en,English
en,English
fr,Français
da,Dansk
en,English
en,English
en,English
en,English
en,English
en,English
en,English
en,English
fa,فارسی
en,English
en,English
en,English
ro,Română
en,English
en,English
en,English
en,English
fr,Français
en,English
en,English
en,English
de,Deutsch
mn,
en,English
en,English
en,English
es,Español
en,English
en,English
en,English
en,English
en,English
en,English
en,English
fr,Français
en,English
en,English
en,English
en,English
en,English
en,English
en,English
en,English
en,English
en,English
en,English
en,English
en,English
en,English
en,English
en,English
en,English
en,English
en,English
en,English
en,English
en,English
en,English
en,English
en,English
en,English
en,English
en,English
en,English
en,English
pt,Português
en,English
en,English
en,English
en,English
en,English
en,English
en,English
en,English
en,English
en,English
en,English
en,English
en,English
en,English
en,English
en,English
en,English
en,English
en,English
fr,Français
en,English
en,English
es,Español
en,English
en,English
en,English
en,English
en,English
en,English
sw,Kiswahili
en,English
en,English
en,English
en,English
cn,广州话 / 廣州話
en,English
fr,Français
fa,فارسی
en,English
ja,日本語
en,English
en,English
en,English
es,Español
en,English
en,English
en,English
