movie_id,title,name,credits,gender,net_to_date
146233,Prisoners,Aaron Guzikowski,0,2,0
321697,Steve Jobs,Aaron Sorkin,0,2,0
32856,Valentine's Day,Abby Kohn,1,1,137259441
10184,He's Just Not That Into You,Abby Kohn,0,1,0
8390,"Definitely, Maybe",Adam Brooks,0,2,0
291362,Road Hard,Adam Carolla,0,0,0
17707,Brokedown Palace,Adam Fields,0,2,0
25428,I Love Your Work,Adam Goldberg,0,2,0
24575,Raise the Titanic,Adam Kennedy,0,0,0
373314,Misconduct,Adam Mason,0,2,0
14256,Winter Passing,Adam Rapp,0,0,0
67911,Bucky Larson: Born to Be a Star,Adam Sandler,1,2,191430189
38365,Grown Ups,Adam Sandler,0,2,0
27404,My Big Fat Independent Movie,Adam Schwartz,0,0,0
38153,Shadow Conspiracy,Adi Hasak,0,0,0
132316,Jab Tak Hai Jaan,Aditya Chopra,0,0,0
36419,After.Life,Agnieszka Wojtowicz-Vosloo,0,1,0
13495,Alatriste,Agustín Díaz Yanes,0,0,0
136835,No Good Deed,Aimee Lagos,0,0,0
73532,Le Havre,Aki Kaurismäki,0,0,0
37842,Wild Grass,Alain Resnais,0,2,0
25113,The Four Seasons,Alan Alda,0,2,0
37718,The Muse,Albert Brooks,0,2,0
1933,The Others,Alejandro Amenábar,0,2,0
26428,Agora,Alejandro Amenábar,1,2,190765056
281957,The Revenant,Alejandro González Iñárritu,0,2,0
36696,Space Dogs,Aleksandr Talal,0,2,0
13820,Repo Man,Alex Cox,0,0,0
139715,Detention of the Dead,Alex Craig Mann,0,2,0
264660,Ex Machina,Alex Garland,0,2,0
13362,Taxi to the Dark Side,Alex Gibney,0,2,0
72213,Courageous,Alex Kendrick,1,2,10078331
18925,Facing the Giants,Alex Kendrick,0,2,0
13475,Star Trek,Alex Kurtzman,0,2,0
34851,Predators,Alex Litvak,0,2,0
21801,The Slaughter Rule,Alex Smith,0,2,0
304357,Woman in Gold,Alexi Kaye Campbell,0,0,0
49047,Gravity,Alfonso Cuarón,0,2,0
19316,Saving Face,Alice Wu,0,1,0
6557,27 Dresses,Aline Brosh McKenna,0,0,0
38357,Morning Glory,Aline Brosh McKenna,1,0,130259319
33909,Wall Street: Money Never Sleeps,Allan Loeb,0,0,0
44564,The Dilemma,Allan Loeb,1,0,64748021
5,Four Rooms,Allison Anders,0,1,0
142132,Sugar Town,Allison Anders,1,1,300000
21349,Anywhere But Here,Alvin Sargent,0,2,0
186935,Heli,Amat Escalante,0,0,0
41233,Step Up 3D,Amy Andelson,0,1,0
75986,Love Letters,Amy Holden Jones,0,1,0
271718,Trainwreck,Amy Schumer,0,1,0
218500,The Ballad of Gregorio Cortez,Américo Paredes,0,0,0
24469,Fish Tank,Andrea Arnold,0,1,0
1852,World Trade Center,Andrea Berloff,0,0,0
252680,Moms' Night Out,Andrea Gyertson Nasfell,0,0,0
10047,The Messenger: The Story of Joan of Arc,Andrew Birkin,0,2,0
40769,Mutual Appreciation,Andrew Bujalski,0,0,0
10288,Fido,Andrew Currie,0,2,0
79120,Weekend,Andrew Haigh,0,2,0
256917,The Water Diviner,Andrew Knight,0,2,0
268917,The Past Is a Grotesque Animal,Andrew Napier,0,2,0
594,The Terminal,Andrew Niccol,1,2,204118201
37165,The Truman Show,Andrew Niccol,0,2,0
361475,Departure,Andrew Steggall,0,0,0
49787,The Reef,Andrew Traucki,0,2,0
9946,End of Days,Andrew W. Marlowe,0,2,0
48340,Sanctum,Andrew Wight,0,2,0
46146,Troll Hunter,André Øvredal,0,0,0
44945,Trust,Andy Bellin,0,0,0
324322,They Will Have to Kill Us First,Andy Morgan,0,0,0
19905,"The Goods: Live Hard, Sell Hard",Andy Stock,0,2,0
79777,In the Land of Blood and Honey,Angelina Jolie,0,1,0
334531,My All American,Angelo Pizzo,0,0,0
44113,Stone,Angus MacLachlan,0,0,0
3059,Intolerance,Anita Loos,0,1,0
16988,How She Move,Annemarie Morais,0,1,0
14557,Dead Man on Campus,Anthony Abrams,0,2,0
201132,Antarctica: A Year on Ice,Anthony Powell,0,0,0
174751,Jane Got a Gun,Anthony Tambakis,0,2,0
13435,Antwone Fisher,Antwone Fisher,0,0,0
58051,Housefull,Anvita Dutt Guptan,0,0,0
35691,Letters to God,Art D'Alessandro,0,2,0
8944,What Just Happened,Art Linson,0,2,0
13056,Punisher: War Zone,Art Marcum,0,0,0
345,Eyes Wide Shut,Arthur Schnitzler,0,2,0
14137,Beer League,Artie Lange,0,2,0
124606,Bang,Ash Baron-Cohen,0,0,0
48289,The Debt,Assaf Bernstein,0,0,0
20156,Exotica,Atom Egoyan,0,2,0
4244,The Kid,Audrey Wells,0,1,0
83588,Middle of Nowhere,Ava DuVernay,0,1,0
224569,Taxman,Avi Nesher,0,2,0
185008,Yeh Jawaani Hai Deewani,Ayan Mukherjee,0,0,0
7461,Vantage Point,Barry Levy,0,2,0
29122,An Everlasting Piece,Barry McEvoy,0,2,0
39349,Sugar Hill,Barry Michael Cooper,0,0,0
14271,Beyond the Mat,Barry W. Blaustein,0,2,0
17186,Supercross,Bart Baker,0,2,0
14057,Trust the Man,Bart Freundlich,0,2,0
4657,Jindabyne,Beatrix Christian,0,0,0
91122,16 to Life,Becky Smith,0,0,0
489,Good Will Hunting,Ben Affleck,0,2,0
17277,The Fall of the Roman Empire,Ben Barzman,0,0,0
38319,Your Highness,Ben Best,0,2,0
40494,Trapeze,Ben Hecht,1,2,396176459
770,Gone with the Wind,Ben Hecht,0,2,0
329440,The Forest,Ben Ketai,0,0,0
113947,The Sessions,Ben Lewin,0,2,0
45612,Source Code,Ben Ripley,0,2,0
42151,Down Terrace,Ben Wheatley,0,2,0
74725,Kill List,Ben Wheatley,1,2,-21192
60420,Like Crazy,Ben York Jones,0,0,0
14181,Boiler Room,Ben Younger,0,2,0
84175,Beasts of the Southern Wild,Benh Zeitlin,0,0,0
320146,Creative Control,Benjamin Dickinson,0,2,0
23618,The Original Kings of Comedy,Bernie Mac,0,2,0
257932,Dragon Nest: Warriors' Dawn,Bill Borden,0,2,0
15045,Fat Albert,Bill Cosby,0,2,0
14120,End of the Spear,Bill Ewing,0,2,0
9963,Premonition,Bill Kelly,0,2,0
23479,The Bad News Bears,Bill Lancaster,0,2,0
171759,The Lost Medallion: The Adventures of Billy Stone,Bill Muir,0,0,0
13537,Shattered Glass,Billy Ray,0,2,0
18065,Next Day Air,Blair Cobbs,0,0,0
207769,Banshee Chapter,Blair Erickson,0,0,0
42586,Darling Lili,Blake Edwards,0,2,0
23988,Stan Helsing,Bo Zenga,0,2,0
72387,Safe,Boaz Yakin,0,2,0
10246,Porky's,Bob Clark,0,2,0
24356,Masked and Anonymous,Bob Dylan,0,2,0
129670,Nebraska,Bob Nelson,0,0,0
8467,Dumb and Dumber,Bobby Farrelly,0,2,0
100042,Dumb and Dumber To,Bobby Farrelly,1,2,231275374
41469,Next Stop Wonderland,Brad Anderson,0,2,0
241554,Run All Night,Brad Ingelsby,0,0,0
206284,Grace Unplugged,Brad J. Silverman,0,0,0
31005,Moonlight Mile,Brad Silberling,0,0,0
35696,Juwanna Mann,Bradley Allenstein,0,2,0
44770,The Exploding Girl,Bradley Rust Gray,0,2,0
244776,The Sleepwalker,Brady Corbet,0,2,0
16028,They,Brendan Hood,0,2,0
195589,Neighbors,Brendan O'Brien,0,0,0
12149,Frailty,Brent Hanley,0,2,0
116977,Foodfight!,Brent V. Friedman,0,2,0
109729,The Canyons,Bret Easton Ellis,0,0,0
13193,Saved!,Brian Dannelly,0,2,0
9280,Femme Fatale,Brian De Palma,1,2,25399000
11600,Redacted,Brian De Palma,2,2,7237910
11033,Dressed to Kill,Brian De Palma,0,2,0
8810,Mad Max 2: The Road Warrior,Brian Hannant,0,2,0
276907,Legend,Brian Helgeland,3,2,109353196
8834,Conspiracy Theory,Brian Helgeland,0,2,0
9476,A Knight's Tale,Brian Helgeland,1,2,61982834
22972,Green Zone,Brian Helgeland,2,2,114470307
146238,Runner Runner,Brian Koppelman,0,2,0
211672,Minions,Brian Lynch,0,2,0
2652,Hard Candy,Brian Nelson,0,2,0
44826,Hugo,Brian Selznick,0,0,0
18501,Gamer,Brian Taylor,0,2,0
98357,Broken City,Brian Tucker,0,0,0
86812,Sound of My Voice,Brit Marling,0,1,0
87499,The East,Brit Marling,1,1,294448
40932,Can't Stop the Music,Bronte Woodard,0,0,0
227973,The Peanuts Movie,Bryan Schulz,0,0,0
246655,X-Men: Apocalypse,Bryan Singer,0,2,0
24113,Town & Country,Buck Henry,0,0,0
14536,New in Town,C. Jay Cox,0,2,0
9390,Jerry Maguire,Cameron Crowe,0,2,0
222936,Aloha,Cameron Crowe,1,2,223552592
4997,Wonderland,Captain Mauzner,0,0,0
9781,Detroit Rock City,Carl V. Dupré,0,2,0
65749,Tango,Carlos Saura,0,2,0
347126,God's Not Dead 2,Cary Solomon,0,0,0
123553,The Mortal Instruments: City of Bones,Cassandra Clare,0,1,0
215881,Plush,Catherine Hardwicke,0,1,0
29731,And Then Came Love,Caytha Jentis,0,0,0
44639,Inside Job,Chad Beck,0,0,0
19997,Niagara,Charles Brackett,0,2,0
27723,Psycho Beach Party,Charles Busch,0,2,0
20616,Swimfan,Charles F. Bohl,0,0,0
370662,Time to Choose,Charles Ferguson,1,2,-568377
12901,No End in Sight,Charles Ferguson,0,2,0
14325,The Express,Charles Leavitt,0,0,0
227735,Dolphin Tale 2,Charles Martin Smith,0,2,0
492,Being John Malkovich,Charlie Kaufman,0,2,0
291270,Anomalisa,Charlie Kaufman,1,2,9863596
18162,Land of the Lost,Chris Henchy,0,2,0
168259,Furious 7,Chris Morgan,0,2,0
13508,Who Killed the Electric Car?,Chris Paine,0,0,0
284296,Top Five,Chris Rock,0,2,0
49852,The Nutcracker: The Untold Story,Chris Solimine,0,0,0
26388,Buried,Chris Sparling,0,2,0
11661,Joyeux Noël,Christian Carion,0,2,0
40185,Camping Sauvage,Christophe Ali,0,0,0
227348,Paranormal Activity: The Marked Ones,Christopher B. Landon,1,2,200703818
72571,Paranormal Activity 3,Christopher B. Landon,0,2,0
44943,Battle: Los Angeles,Christopher Bertolini,0,2,0
14877,September Dawn,Christopher Cain,0,2,0
28665,Fame,Christopher Gore,0,0,0
14799,For Your Consideration,Christopher Guest,2,2,11673234
13370,A Mighty Wind,Christopher Guest,1,2,-1077012
16448,Waiting for Guffman,Christopher Guest,0,2,0
22215,Cheri,Christopher Hampton,0,2,0
629,The Usual Suspects,Christopher McQuarrie,0,0,0
157336,Interstellar,Christopher Nolan,0,2,0
51955,Hav Plenty,Christopher Scott Cherot,0,2,0
26466,Triangle,Christopher Smith,0,2,0
30596,Bodyguards and Assassins,Chun Tin-Nam,0,0,0
64559,The Swindle,Claude Chabrol,0,0,0
251321,Aloft,Claudia Llosa,0,1,0
9003,Hellraiser,Clive Barker,0,2,0
15186,Full Frontal,Coleman Hough,0,2,0
50698,Grave Encounters,Colin Minihan,0,0,0
115210,Stitches,Conor McMahon,0,0,0
9341,The Core,Cooper Layne,0,0,0
109091,The Counselor,Cormac McCarthy,1,0,-26879733
21355,All the Pretty Horses,Cormac McCarthy,0,0,0
57089,Hoodwinked Too! Hood VS. Evil,Cory Edwards,0,2,0
68179,Escape from Planet Earth,Cory Edwards,1,2,-16478171
274854,The Last Witch Hunter,Cory Goodman,0,0,0
11170,We Are Marshall,Cory Helms,0,0,0
17710,Hey Arnold! The Movie,Craig Bartlett,0,0,0
19052,Light It Up,Craig Bolotin,0,2,0
2055,Open Range,Craig Storper,0,2,0
84188,Compliance,Craig Zobel,0,0,0
29996,Solomon and Sheba,Crane Wilbur,0,2,0
47816,3 Strikes,DJ Pooh,0,2,0
14576,Shade,Damian Nieman,0,0,0
146203,The Last Exorcism Part II,Damien Chazelle,0,2,0
70981,Prometheus,Damon Lindelof,0,2,0
18126,Hannah Montana: The Movie,Dan Berendsen,0,0,0
242582,Nightcrawler,Dan Gilroy,0,2,0
76492,Hotel Transylvania,Dan Hageman,0,0,0
159824,Hotel Transylvania 2,Dan Hageman,1,0,273375603
25350,Imaginary Heroes,Dan Harris,0,2,0
292483,Not Cool,Dan Schoffer,0,0,0
13908,The Master of Disguise,Dana Carvey,0,2,0
6961,The Wedding Date,Dana Fox,0,1,0
112456,Hardflip,Daniel Backman,0,2,0
38117,Beastly,Daniel Barnz,0,2,0
10987,Halloween: The Curse of Michael Myers,Daniel Farrands,0,0,0
17134,12 Rounds,Daniel Kunka,0,2,0
300168,Dragon Blade,Daniel Lee,0,2,0
2667,The Blair Witch Project,Daniel Myrick,0,2,0
139998,Supporting Characters,Daniel Schechter,0,0,0
16428,Breakin' All the Rules,Daniel Taplitz,0,2,0
24913,April Fool's Day,Danilo Bach,0,2,0
132363,The Butler,Danny Strong,0,2,0
25066,Tales from the Hood,Darin Scott,0,2,0
14299,Cadillac Records,Darnell Martin,0,1,0
86834,Noah,Darren Aronofsky,0,2,0
18892,Jawbreaker,Darren Stein,0,2,0
19255,Away We Go,Dave Eggers,0,2,0
144336,Sabotage,David Ayer,0,0,0
228150,Fury,David Ayer,1,0,-17491482
297761,Suicide Squad,David Ayer,2,0,126326424
58680,Woo,David C. Johnson,0,2,0
87428,That's My Boy,David Caspe,0,0,0
837,Videodrome,David Cronenberg,0,2,0
242083,Hits,David Cross,0,2,0
9036,Eight Below,David DiGilio,0,2,0
22949,Old Dogs,David Diamond,0,2,0
24363,House of D,David Duchovny,0,2,0
15198,"Mystery, Alaska",David E. Kelley,0,2,0
8292,Four Brothers,David Elliot,0,2,0
345911,Lights Out,David F. Sandberg,0,2,0
15070,Undisputed,David Giler,0,2,0
13132,All the Real Girls,David Gordon Green,0,2,0
59961,Safe House,David Guggenheim,0,0,0
127493,Stolen,David Guggenheim,1,0,123076205
20009,Slackers,David H. Steinberg,0,2,0
36657,X-Men,David Hayter,0,2,0
175574,Free Birds,David I. Stern,0,2,0
10985,The New Guy,David Kendall,0,2,0
49526,Premium Rush,David Koepp,1,2,148397415
4547,Panic Room,David Koepp,0,2,0
14324,Virgin Territory,David Leland,0,2,0
49730,Red Riding Hood,David Leslie Johnson,0,0,0
294272,Pete's Dragon,David Lowery,0,2,0
1018,Mulholland Drive,David Lynch,0,2,0
20763,Radio Flyer,David M. Evans,0,2,0
29193,The Spanish Prisoner,David Mamet,1,2,51270454
18191,Edmond,David Mamet,2,2,55105584
117,The Untouchables,David Mamet,0,2,0
12400,Redbelt,David Mamet,3,2,45347303
9798,Enemy of the State,David Marconi,0,2,0
44835,Hesher,David Michôd,0,2,0
14444,The Rugrats Movie,David N. Weiss,0,2,0
168672,American Hustle,David O. Russell,1,2,7702438
2074,Flirting with Disaster,David O. Russell,0,2,0
36647,Blade,David S. Goyer,0,2,0
13788,The Unborn,David S. Goyer,3,2,251098928
36648,Blade: Trinity,David S. Goyer,2,2,187193562
36586,Blade II,David S. Goyer,1,2,86183530
31915,Prophecy,David Seltzer,0,2,0
21610,Nighthawks,David Shaber,0,2,0
18886,Flight of the Intruder,David Shaber,1,2,14905359
2789,The Chronicles of Riddick,David Twohy,1,0,902679
87421,Riddick,David Twohy,2,0,11675412
24126,Warlock: The Armageddon,David Twohy,0,0,0
8007,Behind Enemy Lines,David Veloz,0,2,0
19803,Underclassman,David Wagner,0,2,0
50647,Wanderlust,David Wain,1,2,-4463323
13173,The Ten,David Wain,0,2,0
180296,They Came Together,David Wain,2,2,-15303389
21512,The Blood of Heroes,David Webb Peoples,0,2,0
302156,Criminal,David Weisberg,0,2,0
64639,Straw Dogs,David Zelag Goodman,0,0,0
232679,When the Game Stands Tall,David Zelon,0,2,0
4258,Scary Movie 5,David Zucker,2,2,8132598
36593,The Naked Gun 33⅓: The Final Insult,David Zucker,0,2,0
13948,An American Carol,David Zucker,1,2,21132598
82702,How to Train Your Dragon 2,Dean DeBlois,0,2,0
19366,Josie and the Pussycats,Deborah Kaplan,1,1,15605015
25195,Leap Year,Deborah Kaplan,2,1,7857845
15037,Can't Hardly Wait,Deborah Kaplan,0,1,0
46738,Incendies,Denis Villeneuve,0,2,0
84332,Safety Not Guaranteed,Derek Connolly,0,2,0
41479,The Joneses,Derrick Borte,0,2,0
44857,Molly,Dick Christie,0,2,0
74536,The Son of No One,Dito Montiel,0,2,0
16441,The Beastmaster,Don Coscarelli,0,2,0
15158,Phantasm II,Don Coscarelli,1,2,5751126
21301,Barbershop 2:  Back in Business,Don D. Scott,0,2,0
14283,The Red Violin,Don McKellar,0,2,0
15581,Who's Your Caddy?,Don Michael Paul,0,2,0
17047,Agent Cody Banks 2: Destination London,Don Rhymer,0,2,0
365052,The Looking Glass,Dorothy Tristan,0,1,0
13751,Akeelah and the Bee,Doug Atchison,0,2,0
228326,The Book of Life,Doug Langdale,0,0,0
5689,The Blue Lagoon,Douglas Day Stewart,0,2,0
134371,Atlas Shrugged Part II,Duke Sandefur,0,2,0
10139,Milk,Dustin Lance Black,0,2,0
88794,J. Edgar,Dustin Lance Black,1,2,34586584
18736,The Lizzie McGuire Movie,Ed Decter,0,2,0
19724,Imagine That,Ed Solomon,0,2,0
17995,DysFunktional Family,Eddie Griffin,0,2,0
107985,The World's End,Edgar Wright,0,2,0
365222,Ip Man 3,Edmond Wong,0,0,0
65203,The Broadway Melody,Edmund Goulding,0,0,0
72766,Newlyweds,Edward Burns,0,2,0
33542,Rumble in the Bronx,Edward Tang,0,0,0
9913,The Skeleton Key,Ehren Kruger,0,2,0
46838,Tucker and Dale vs Evil,Eli Craig,0,2,0
1691,Hostel: Part II,Eli Roth,1,2,75778934
1690,Hostel,Eli Roth,0,2,0
9893,Sleepover,Elisa Bell,0,0,0
34043,On the Line,Eric Aronson,0,2,0
210860,Mortdecai,Eric Aronson,1,2,-5309198
29076,Gun Shy,Eric Blakeney,0,2,0
19912,The Final Destination,Eric Bress,0,2,0
68412,3 Backyards,Eric Mendelsohn,0,2,0
176124,Home Run,Eric Newman,0,2,0
226354,The Christmas Candle,Eric Newman,1,2,1661020
18206,Alone With Her,Eric Nicholas,0,0,0
96238,Never Again,Eric Schaeffer,0,2,0
21413,The Battle of Shaker Heights,Erica Beeney,0,0,0
39514,RED,Erich Hoeber,0,2,0
17187,The Emperor's Club,Ethan Canin,0,0,0
26963,The Secret of Kells,Fabrice Ziolkowski,0,0,0
38428,"Gandhi, My Father",Feroz Abbas Khan,0,0,0
40794,Loose Cannons,Ferzan Ozpetek,0,2,0
245846,Strangerland,Fiona Seres,0,0,0
88641,There Goes My Baby,Floyd Mutrux,0,2,0
15644,Paparazzi,Forry Smith,0,0,0
71866,Tanner Hall,Francesca Gregorini,0,1,0
9686,New York Stories,Francis Ford Coppola,0,2,0
18442,Decoys,Franco Battista,0,2,0
278,The Shawshank Redemption,Frank Darabont,0,2,0
49365,Lady in White,Frank LaLoggia,0,2,0
187,Sin City,Frank Miller,0,2,0
189,Sin City: A Dame to Kill For,Frank Miller,1,2,118733820
99826,The Jimmy Show,Frank Whaley,0,2,0
27191,The Greatest Show on Earth,Fredric M. Frank,0,2,0
29920,Easy Money,Fredrik Wikström,0,0,0
262543,Automata,Gabe Ibáñez,0,0,0
22907,Takers,Gabriel Casseus,0,2,0
38970,"Remember Me, My Love",Gabriele Muccino,0,2,0
218,The Terminator,Gale Anne Hurd,0,1,0
43933,Monsters,Gareth Edwards,0,2,0
94329,The Raid,Gareth Evans,0,0,0
250546,Annabelle,Gary Dauberman,0,2,0
378200,The Perfect Match,Gary Hardwick,1,2,6017070
53862,Trippin',Gary Hardwick,0,2,0
316152,Free State of Jones,Gary Ross,0,2,0
89861,Stiff Upper Lips,Gary Sinyor,0,2,0
20504,The Book of Eli,Gary Whitta,0,2,0
34647,Enter the Void,Gaspar Noé,1,2,2733256
979,Irreversible,Gaspar Noé,0,2,0
868,Tsotsi,Gavin Hood,0,2,0
64678,The Art of Getting By,Gavin Wiesen,0,2,0
38073,Going the Distance,Geoff LaTulippe,0,2,0
15301,Twilight Zone: The Movie,George Clayton Johnson,0,2,0
25208,The Caveman's Valentine,George Dawes Green,0,2,0
39180,See Spot Run,George Gallo,0,2,0
11,Star Wars,George Lucas,0,2,0
76341,Mad Max: Fury Road,George Miller,2,2,304742074
9836,Happy Feet,George Miller,0,2,0
65759,Happy Feet Two,George Miller,1,2,284335608
76640,The Last Stand,George Nolfi,0,2,0
74457,Redemption Road,George Richards,0,2,0
29461,Soul Food,"George Tillman, Jr.",0,2,0
266034,The Blue Room,Georges Simenon,0,2,0
5852,Angel Eyes,Gerald Di Pego,0,2,0
253306,Housebound,Gerard Johnstone,0,0,0
72197,The Pirates! In an Adventure with Scientists!,Gideon Defoe,0,2,0
14736,Love & Basketball,Gina Prince-Bythewood,0,1,0
241771,Beyond the Lights,Gina Prince-Bythewood,1,1,7728118
15648,The Perfect Man,Gina Wendkos,1,1,68916474
6282,Coyote Ugly,Gina Wendkos,0,1,0
55301,Alvin and the Chipmunks: Chipwrecked,Glenn Berger,0,2,0
140300,Kung Fu Panda 3,Glenn Berger,1,2,267695435
8952,I Love You Phillip Morris,Glenn Ficarra,0,2,0
256591,Focus,Glenn Ficarra,1,2,-2347965
22597,The Broken Hearts Club: A Romantic Comedy,Greg Berlanti,0,2,0
23655,Groove,Greg Harrison,0,2,0
6278,Reign of Fire,Gregg Shabot,0,0,0
21494,Moliere,Grégoire Vigneron,0,2,0
13515,Mirrors,Grégory Levasseur,0,2,0
48034,Little White Lies,Guillaume Canet,0,2,0
211954,Instructions Not Included,Guillermo Ríos,0,0,0
168705,BloodRayne,Guinevere Turner,0,1,0
57825,Bride & Prejudice,Gurinder Chadha,0,1,0
107,Snatch,Guy Ritchie,0,2,0
13809,RockNRolla,Guy Ritchie,1,2,73557872
62204,Quest for Fire,Gérard Brach,0,2,0
25189,The Mirror Has Two Faces,Gérard Oury,0,2,0
26843,Lion of the Desert,H.A.L. Craig,0,0,0
248,Pocketful of Miracles,Hal Kanter,0,0,0
25784,Journey from the Fall,Ham Tran,0,2,0
26665,Aberdeen,Hans Petter Moland,0,0,0
14161,2012,Harald Kloser,0,2,0
122081,Spring Breakers,Harmony Korine,0,0,0
8469,Animal House,Harold Ramis,0,2,0
22301,Hell's Angels,Harry Behn,0,0,0
2771,American Splendor,Harvey Pekar,0,2,0
12429,Ponyo,Hayao Miyazaki,0,2,0
15647,Kissing Jessica Stein,Heather Juergensen,0,1,0
43942,Freakonomics,Heidi Ewing,0,0,0
76494,What to Expect When You're Expecting,Heidi Murkoff,0,0,0
27420,Graduation Day,Herb Freed,0,2,0
2300,Space Jam,Herschel Weingrod,1,2,-6146000
12120,My Stepmother is an Alien,Herschel Weingrod,0,2,0
19644,Silmido,Hie-jae Kim,0,0,0
13027,Eagle Eye,Hillary Seitz,0,0,0
17043,The Crocodile Hunter: Collision Course,Holly Goldberg Sloan,0,1,0
9989,Antitrust,Howard Franklin,0,0,0
54897,The Grace Card,Howard Klausner,0,2,0
38358,The Last Exorcism,Huck Botko,0,2,0
17709,Dudley Do-Right,Hugh Wilson,0,2,0
7515,London,Hunter Richards,0,2,0
250349,Barbecue,Héctor Cabello Reyes,0,0,0
31174,Richard III,Ian McKellen,0,2,0
10426,Friday After Next,Ice Cube,2,2,66875267
25186,Janky Promoters,Ice Cube,3,2,80402102
10471,Next Friday,Ice Cube,1,2,18047939
19848,The Players Club,Ice Cube,0,2,0
41508,Fateless,Imre Kertész,0,0,0
30082,Forty Shades of Blue,Ira Sachs,0,2,0
43839,Alexander's Ragtime Band,Irving Berlin,0,2,0
24748,Hud,Irving Ravetch,0,2,0
232672,Blended,Ivan Menchell,0,2,0
22832,Ninja Assassin,J. Michael Straczynski,0,2,0
45226,The Pursuit of D.B. Cooper,J.D. Reed,0,0,0
956,Mission: Impossible III,J.J. Abrams,1,2,13642838
10866,Joy Ride,J.J. Abrams,0,2,0
37686,Super 8,J.J. Abrams,2,2,261492850
157353,Transcendence,Jack Paglen,0,0,0
18147,Unaccompanied Minors,Jacob Meszaros,0,0,0
36970,Oceans,Jacques Perrin,0,2,0
26815,Rocket Singh: Salesman of the Year,Jaideep Sahni,0,0,0
35689,Don McKay,Jake Goldberger,0,2,0
13501,The Good Night,Jake Paltrow,0,2,0
65448,Penitentiary,Jamaa Fanaka,0,0,0
295886,Brotherly Love,Jamal Hill,0,0,0
280,Terminator 2: Judgment Day,James Cameron,0,2,0
19995,Avatar,James Cameron,1,2,420000000
158015,The Purge,James DeMonaco,0,2,0
316727,The Purge: Election Year,James DeMonaco,2,2,186111474
238636,The Purge: Anarchy,James DeMonaco,1,2,86328627
19457,The Yards,James Gray,0,2,0
152599,The Immigrant,James Gray,1,2,-17717290
9035,Slither,James Gunn,1,2,-987004
29015,The Specials,James Gunn,0,2,0
14729,The Long Riders,James Keach,0,2,0
42888,How Do You Know,James L. Brooks,0,2,0
2142,Cop Land,James Mangold,0,2,0
12412,Miracle at St. Anna,James McBride,0,2,0
29406,Trucker,James Mottern,0,0,0
27551,The Barbarians,James R. Silke,0,0,0
68924,The Ice Storm,James Schamus,0,0,0
32456,Two Girls and a Guy,James Toback,0,2,0
27451,Harvard Man,James Toback,1,2,1057193
4597,Armored,James V. Simpson,0,0,0
117251,White House Down,James Vanderbilt,0,2,0
259693,The Conjuring 2,James Wan,0,2,0
13510,Eden Lake,James Watkins,0,0,0
13411,Malibu's Most Wanted,Jamie Kennedy,0,0,0
14278,Murderball,Jamie Saft,0,0,0
27588,Forget Me Not,Jamieson Stern,0,2,0
29963,Bright Star,Jane Campion,0,1,0
22820,Gentlemen Broncos,Jared Hess,0,2,0
40264,Vampires Suck,Jason Friedberg,1,2,66865564
9760,Epic Movie,Jason Friedberg,0,2,0
190859,American Sniper,Jason Hall,0,2,0
227719,Project Almanac,Jason Pagan,0,0,0
64328,The Muppets,Jason Segel,0,2,0
17708,Corky Romano,Jason Ward,0,2,0
56666,Fiza,Javed Siddiqui,0,2,0
39939,Super Troopers,Jay Chandrasekhar,0,2,0
39053,Cyrus,Jay Duplass,1,0,-59984
5759,Baghead,Jay Duplass,0,0,0
17170,"Bright Lights, Big City",Jay McInerney,0,2,0
14652,Bon voyage,Jean-Paul Rappeneau,0,2,0
27936,Micmacs,Jean-Pierre Jeunet,0,2,0
157841,The Young and Prodigious T.S. Spivet,Jean-Pierre Jeunet,1,2,-19000000
13066,I Want Someone to Eat Cheese With,Jeff Garlin,0,2,0
13160,Over Her Dead Body,Jeff Lowell,0,2,0
26486,The Last Shot,Jeff Nathanson,0,2,0
103731,Mud,Jeff Nichols,0,2,0
9352,EuroTrip,Jeff Schaffer,0,2,0
16857,The Dangerous Lives of Altar Boys,Jeff Stockwell,0,2,0
12094,Jackass Number Two,Jeff Tremaine,0,2,0
24746,Six-String Samurai,Jeffrey Falcon,0,0,0
39055,Free Style,Jeffrey Nicholson,0,2,0
49022,Something Borrowed,Jennie Snyder Urman,0,1,0
14976,Rachel Getting Married,Jenny Lumet,0,1,0
4550,Sympathy for Lady Vengeance,Jeong Seo-gyeong,0,1,0
17813,Alex & Emma,Jeremy Leven,0,2,0
13191,"War, Inc.",Jeremy Pikser,0,2,0
188166,Blue Ruin,Jeremy Saulnier,0,0,0
313922,Green Room,Jeremy Saulnier,1,0,15168
218043,Left Behind,Jerry B. Jenkins,0,0,0
11176,The Muppet Movie,Jerry Juhl,0,2,0
11598,The Kentucky Fried Movie,Jerry Zucker,0,2,0
37495,Four Lions,Jesse Armstrong,0,2,0
10115,Stick It,Jessica Bendinger,0,1,0
328387,Nerve,Jessica Sharzer,0,1,0
44555,"A Woman, a Gun and a Noodle Shop",Jianquan Shi,0,0,0
17734,Thirteen Conversations About One Thing,Jill Sprecher,0,1,0
37137,The Naked Gun 2½: The Smell of Fear,Jim Abrahams,0,2,0
40688,Meet the Deedles,Jim Herzfeld,0,0,0
169,Predator 2,Jim Thomas,0,2,0
2320,Executive Decision,Jim Thomas,1,2,22120318
13483,Awake,Joby Harold,0,0,0
16991,Observe and Report,Jody Hill,0,2,0
7516,Smokin' Aces,Joe Carnahan,0,2,0
75174,The Grey,Joe Carnahan,1,2,40103895
59678,Attack the Block,Joe Cornish,0,2,0
78149,"An Alan Smithee Film: Burn, Hollywood, Burn",Joe Eszterhas,0,0,0
41283,Faster,Joe Gayton,0,2,0
16866,Planet 51,Joe Stillman,0,2,0
172533,Drinking Buddies,Joe Swanberg,0,0,0
270487,"Hail, Caesar!",Joel Coen,4,0,203033569
115,The Big Lebowski,Joel Coen,0,0,0
296098,Bridge of Spies,Joel Coen,3,0,77555221
86829,Inside Llewyn Davis,Joel Coen,2,0,55619902
12573,A Serious Man,Joel Coen,1,0,31189568
328425,The Gift,Joel Edgerton,0,2,0
18074,Duets,John Byrum,0,2,0
198277,Begin Again,John Carney,0,2,0
49519,The Croods,John Cleese,0,0,0
77951,Walking With Dinosaurs,John Collee,0,2,0
258489,The Legend of Tarzan,John Collee,1,2,46546518
23330,The Ballad of Cable Hogue,John Crawford,0,2,0
19959,Surrogates,John D. Brancato,2,2,230776649
534,Terminator Salvation,John D. Brancato,1,2,59423648
2649,The Game,John D. Brancato,0,2,0
49010,Hobo with a Shotgun,John Davies,0,0,0
13812,Quarantine,John Erick Dowdle,0,0,0
192141,No Escape,John Erick Dowdle,1,0,28855419
296099,Vacation,John Francis Daley,1,2,-2562119
124459,The Incredible Burt Wonderstone,John Francis Daley,0,2,0
1729,The Forbidden Kingdom,John Fusco,0,0,0
17926,Undiscovered,John Galt,0,0,0
12920,Dreamer: Inspired By a True Story,John Gatins,0,2,0
16155,Safe Men,John Hamburg,0,2,0
5966,Along Came Polly,John Hamburg,1,2,-978790
2749,15 Minutes,John Herzfeld,0,2,0
73247,Heartbeeps,John Hill,0,0,0
116613,The Sweeney,John Hodge,0,2,0
68727,Trance,John Hodge,1,2,2563661
24940,Head Over Heels,John J. Strauss,0,2,0
58048,Shanghai Surprise,John Kohn,0,2,0
22881,The Blind Side,John Lee Hancock,0,2,0
37724,Skyfall,John Logan,2,2,77012923
14411,Sinbad: Legend of the Seven Seas,John Logan,0,2,0
44896,Rango,John Logan,1,2,-33711680
61891,Anonymous,John Orloff,0,2,0
28260,Return of the Living Dead 3,John Penney,0,2,0
268920,Hot Pursuit,John Quaintance,0,2,0
21765,Good Boy!,John Robert Hoffman,0,0,0
26748,Lone Star,John Sayles,0,2,0
72913,Amigo,John Sayles,2,2,2267770
62676,Limbo,John Sayles,1,2,8269963
287424,Maggie,John Scott 3,0,2,0
16161,Baby Boy,John Singleton,1,2,51004069
650,Boyz n the Hood,John Singleton,0,2,0
126509,2016: Obama's America,John Sullivan,0,2,0
216282,Into the Storm,John Swetnam,0,0,0
13994,Romance & Cigarettes,John Turturro,0,2,0
11592,Serial Mom,John Waters,0,2,0
283671,Jungle Shuffle,Johnny Hartmann,0,0,0
34152,Crooklyn,Joie Lee,0,1,0
83860,October Baby,Jon Erwin,0,0,0
15745,Made,Jon Favreau,0,2,0
55465,A Very Harold & Kumar Christmas,Jon Hurwitz,0,2,0
13067,In the Land of Women,Jon Kasdan,0,2,0
376659,Bad Moms,Jon Lucas,0,2,0
57612,Dolphins and Whales: Tribes of the Ocean,Jon Michael Johnson,0,0,0
71469,The Darkest Hour,Jon Spaihts,0,0,0
23398,Alvin and the Chipmunks: The Squeakquel,Jon Vitti,0,2,0
153518,The Angry Birds Movie,Jon Vitti,1,2,368140005
14369,Out Cold,Jon Zack,0,2,0
15639,Larry the Cable Guy: Health Inspector,Jonathan Bernstein,0,2,0
34314,Turbulence,Jonathan Brett,0,2,0
7220,The Punisher,Jonathan Hensleigh,0,2,0
24977,Michael Jordan to the Max,Jonathan Hock,0,0,0
184341,Hands of Stone,Jonathan Jakubowicz,0,0,0
19187,The Hebrew Hammer,Jonathan Kesselman,0,0,0
7485,Shooter,Jonathan Lemkin,0,2,0
13990,The Wackness,Jonathan Levine,0,2,0
73511,The Californians,Jonathan Parker,0,2,0
100275,Eddie: The Sleepwalking Cannibal,Jonathan Rannells,0,2,0
57120,Meek's Cutoff,Jonathan Raymond,0,2,0
13596,My Best Friend's Girl,Jordan Cahan,0,0,0
14175,Valiant,Jordan Katz,0,0,0
342521,Keanu,Jordan Peele,0,2,0
84401,Sholem Aleichem: Laughing In The Darkness,Joseph Dorman,0,0,0
138697,Don Jon,Joseph Gordon-Levitt,0,2,0
98566,Teenage Mutant Ninja Turtles,Josh Appelbaum,0,0,0
12123,Chain Reaction,Josh Friedman,0,0,0
243938,Hot Tub Time Machine 2,Josh Heald,0,2,0
35056,Date Night,Josh Klausner,0,2,0
26688,Sorority Row,Josh Stolberg,0,2,0
43593,Piranha 3D,Josh Stolberg,1,2,14706120
42684,Skyline,Joshua Cordes,0,2,0
10187,Swing Vote,Joshua Michael Stern,0,2,0
41515,Yogi Bear,Joshua Sternin,0,2,0
99861,Avengers: Age of Ultron,Joss Whedon,1,2,-130536
16320,Serenity,Joss Whedon,0,2,0
25376,The Secret in Their Eyes,Juan José Campanella,0,2,0
20829,Funny People,Judd Apatow,0,2,0
16172,Simply Irresistible,Judith Roberts,0,0,0
44638,The Tempest,Julia Taylor-Stanley,0,1,0
18320,The Young Victoria,Julian Fellowes,0,2,0
208869,Plastic,Julian Gilbey,1,2,21345000
81390,A Lonely Place to Die,Julian Gilbey,0,2,0
549,Basquiat,Julian Schnabel,0,2,0
77883,The Possession,Juliet Snowden,0,0,0
39037,The Good Guy,Julio DePietro,0,2,0
66468,N-Secure,Julius Lewis,0,0,0
13983,Finishing The Game,Justin Lin,0,0,0
57294,Crying with Laughter,Justin Molotnikov,0,0,0
329833,Zoolander 2,Justin Theroux,0,2,0
7350,The Bucket List,Justin Zackham,0,2,0
87567,The Big Wedding,Justin Zackham,1,2,130372502
13898,The Circle,Kambuzia Partovi,0,0,0
62837,Dolphin Tale,Karen Janszen,1,1,-11005210
15907,Duma,Karen Janszen,0,1,0
12620,The House Bunny,Karen McCullah Lutz,1,1,37478166
4951,10 Things I Hate About You,Karen McCullah Lutz,0,1,0
20943,The Ugly Truth,Karen McCullah Lutz,2,1,82921106
13551,The Dead Girl,Karen Moncrieff,1,1,-536000
46989,Blue Car,Karen Moncrieff,0,1,0
17622,Fifty Dead Men Walking,Kari Skogland,0,1,0
227975,Futuro Beach,Karim Aïnouz,0,2,0
38541,The Divide,Karl Mueller,0,2,0
45153,Eve's Bayou,Kasi Lemmons,0,1,0
34806,The Back-Up Plan,Kate Angelo,0,1,0
244783,Song One,Kate Barker-Froyland,0,0,0
281230,Fort McCoy,Kate Connor,0,1,0
17880,Because of Winn-Dixie,Kate DiCamillo,0,0,0
62838,New Year's Eve,Katherine Fugate,0,1,0
136795,The Heat,Katie Dippold,0,1,0
51588,Prom,Katie Wech,0,1,0
117263,Olympus Has Fallen,Katrin Benedikt,0,0,0
254470,Pitch Perfect 2,Kay Cannon,0,1,0
18840,The White Countess,Kazuo Ishiguro,0,0,0
26352,A Low Down Dirty Shame,Keenen Ivory Wayans,1,2,5128617
34101,Hollywood Shuffle,Keenen Ivory Wayans,0,2,0
67660,Think Like a Man,Keith Merryman,0,2,0
184098,Think Like a Man Too,Keith Merryman,1,2,84070507
5125,Rendition,Kelley Sane,0,0,0
25704,Post Grad,Kelly Fremon Craig,0,1,0
328111,The Secret Life of Pets,Ken Daurio,0,2,0
13536,City By The Sea,Ken Hixon,0,2,0
31007,Welcome to the Rileys,Ken Hixon,1,2,-17566085
16508,Doug's 1st Movie,Ken Scarborough,0,2,0
8854,Steel,Kenneth Johnson,0,2,0
44754,Margaret,Kenneth Lonergan,2,2,-31237824
14295,You Can Count on Me,Kenneth Lonergan,1,2,-40865180
17711,The Adventures of Rocky & Bullwinkle,Kenneth Lonergan,0,0,0
5137,Sky Captain and the World of Tomorrow,Kerry Conran,0,2,0
26602,Summer Catch,Kevin Falls,0,2,0
74510,Kevin Hart: Laugh at My Pain,Kevin Hart,0,2,0
181330,Kevin Hart: Let Me Explain,Kevin Hart,1,2,6962436
87826,Here Comes the Boom,Kevin James,0,2,0
256961,Paul Blart: Mall Cop 2,Kevin James,1,2,31239258
84204,Grabbers,Kevin Lehane,0,0,0
1273,TMNT,Kevin Munroe,0,2,0
1832,Dogma,Kevin Smith,1,2,-3877439
246403,Tusk,Kevin Smith,3,2,34880562
10358,Zack and Miri Make a Porno,Kevin Smith,2,2,16775451
290825,Yoga Hosers,Kevin Smith,4,2,33907267
2293,Mallrats,Kevin Smith,0,2,0
15049,Bon Cop Bad Cop,Kevin Tierney,0,2,0
41446,Scream 4,Kevin Williamson,0,2,0
37232,Travellers and Magicians,Khyentse Norbu,0,0,0
251471,A LEGO Brickumentary,Kief Davidson,0,2,0
23706,All About Steve,Kim Barker,0,1,0
31246,From Justin to Kelly,Kim Fuller,0,1,0
33196,Tidal Wave,Kim Hwi,0,0,0
87943,Sisters in Law,Kim Longinotto,0,0,0
8988,Stop-Loss,Kimberly Peirce,0,0,0
326576,Dawn of the Crescent Moon,Kirk Loudon,0,0,0
226458,Backmask,Kirsten Elms,0,0,0
36095,Cure,Kiyoshi Kurosawa,0,2,0
71547,Fascination,Klaus Menzel,0,0,0
16653,The Singles Ward,Kurt Hale,0,2,0
75674,Act of Valor,Kurt Johnstad,0,2,0
307081,Southpaw,Kurt Sutter,0,2,0
9920,Ultraviolet,Kurt Wimmer,0,2,0
22803,Law Abiding Citizen,Kurt Wimmer,1,2,1070211
27576,Salt,Kurt Wimmer,2,2,74760937
39451,Little Fockers,Larry Stuckey,0,2,0
16,Dancer in the Dark,Lars von Trier,0,2,0
92182,Silent House,Laura Lau,0,1,0
84200,"For a Good Time, Call...",Lauren Miller,0,1,0
13075,Sherrybaby,Laurie Collyer,0,0,0
89325,Darling Companion,Lawrence Kasdan,1,2,-24140431
24071,Mumford,Lawrence Kasdan,0,2,0
10431,War,Lee Anthony Smith,0,2,0
11247,A Cinderella Story,Leigh Dunlap,0,1,0
280092,Insidious: Chapter 3,Leigh Whannell,2,2,198220819
176,Saw,Leigh Whannell,0,2,0
49018,Insidious,Leigh Whannell,1,2,102711669
61984,Space Battleship Yamato,Leiji Matsumoto,0,0,0
70435,Haywire,Lem Dobbs,0,0,0
47607,Tiny Furniture,Lena Dunham,0,1,0
66942,Griff the Invisible,Leon Ford,0,2,0
103328,Holy Motors,Leos Carax,0,0,0
13888,Return to the Blue Lagoon,Leslie Stevens,0,0,0
37950,Charlie St. Cloud,Lewis Colick,0,2,0
32579,Under the Same Moon,Ligiah Villalobos,0,0,0
7459,Speed Racer,Lilly Wachowski,1,1,400517383
76757,Jupiter Ascending,Lilly Wachowski,2,1,374463149
603,The Matrix,Lilly Wachowski,0,1,0
9408,Surf's Up,Lisa Addario,0,1,0
80271,LOL,Lisa Azuelos,0,1,0
76758,The Flowers of War,Liu Heng,0,0,0
17287,Poultrygeist: Night of the Chicken Dead,Lloyd Kaufman,0,2,0
227783,The Nut Job,Lorne Cameron,0,0,0
41154,Men in Black 3,Lowell Cunningham,0,0,0
21345,City of Life and Death,Lu Chuan,0,2,0
260346,Taken 3,Luc Besson,4,2,96191408
240832,Lucy,Luc Besson,3,2,9644583
9992,Arthur and the Invisibles,Luc Besson,1,2,-24503683
81796,Lockout,Luc Besson,2,2,-2559447
1969,Bandidas,Luc Besson,0,2,0
16620,La Bamba,Luis Valdez,0,2,0
84355,Your Sister's Sister,Lynn Shelton,0,1,0
6947,The Village,M. Night Shyamalan,3,2,1142172330
9741,Unbreakable,M. Night Shyamalan,1,2,632806292
745,The Sixth Sense,M. Night Shyamalan,0,2,0
2675,Signs,M. Night Shyamalan,2,2,805924413
298312,The Visit,M. Night Shyamalan,5,2,1507372773
10196,The Last Airbender,M. Night Shyamalan,4,2,1338869850
43595,She Done Him Wrong,Mae West,0,0,0
62677,Songcatcher,Maggie Greenwald,0,0,0
21334,Children of Heaven,Majid Majidi,0,2,0
146304,The Best Man Holiday,Malcolm D. Lee,2,2,34224565
13490,Welcome Home Roscoe Jenkins,Malcolm D. Lee,1,2,25573780
16162,The Best Man,Malcolm D. Lee,0,2,0
88036,Sparkle,Mara Brock Akil,0,1,0
18681,Eye of the Beholder,Marc Behm,0,2,0
24438,Did You Hear About the Morgans?,Marc Lawrence,1,2,167000000
1493,Miss Congeniality,Marc Lawrence,0,2,0
72570,The Vow,Marc Silverstein,0,2,0
22102,Troop Beverly Hills,Margaret Oberman,0,1,0
16911,The Inhabited Island,Marina Dyashenko,0,0,0
84318,The Other Dream Team,Marius A. Markevicius,0,0,0
9059,Tales from the Crypt: Demon Knight,Mark Bishop,0,0,0
97630,Zero Dark Thirty,Mark Boal,0,2,0
13836,Race to Witch Mountain,Mark Bomback,0,0,0
119450,Dawn of the Planet of the Apes,Mark Bomback,2,0,124109454
44048,Unstoppable,Mark Bomback,1,0,56303988
25462,Two Can Play That Game,Mark Brown,0,2,0
953,Madagascar,Mark Burton,0,2,0
3682,54,Mark Christopher,0,2,0
23742,Cop Out,Mark Cullen,0,2,0
24662,Cats Don't Dance,Mark Dindal,0,2,0
24055,The Puffy Chair,Mark Duplass,0,2,0
15487,The Greatest Game Ever Played,Mark Frost,0,2,0
36047,The In Crowd,Mark Gibson,0,2,0
55616,Dracula: Pages from a Virgin's Diary,Mark Godden,0,0,0
244772,The Skeleton Twins,Mark Heyman,0,2,0
4982,American Gangster,Mark Jacobson,0,2,0
11459,Sky High,Mark McCorkle,0,2,0
41009,Perrier’s Bounty,Mark O'Rowe,0,2,0
18357,The Country Bears,Mark Perez,0,2,0
33430,Twin Falls Idaho,Mark Polish,0,2,0
9357,One Hour Photo,Mark Romanek,0,2,0
16222,Whatever It Takes,Mark Schwahn,0,2,0
21014,Keeping Up with the Steins,Mark Zakarin,0,0,0
21724,Dance Flick,Marlon Wayans,0,2,0
351819,Fifty Shades of Black,Marlon Wayans,3,2,81941305
139038,A Haunted House,Marlon Wayans,1,2,7092761
184345,A Haunted House 2,Marlon Wayans,2,2,64734444
14293,Poolhall Junkies,Mars Callahan,0,0,0
9374,Death Becomes Her,Martin Donovan,0,0,0
9731,Friday the 13th: A New Beginning,Martin Kitrosser,0,2,0
45881,The Bridge of San Luis Rey,Mary McGuckian,0,1,0
40505,I Got the Hook Up,Master P,0,2,0
27455,Foolish,Master P,1,2,6817779
146198,Triple 9,Matt Cook,0,0,0
133694,Promised Land,Matt Damon,0,2,0
23570,The Pallbearer,Matt Reeves,0,0,0
49017,Dracula Untold,Matt Sazama,0,0,0
227707,The Adventurer: The Curse of the Midas Box,Matthew Huffman,0,0,0
26618,Clay Pigeons,Matthew L. Healy,0,0,0
4515,Lions for Lambs,Matthew Michael Carnahan,0,0,0
49538,X-Men: First Class,Matthew Vaughn,0,2,0
22051,Adam,Max Mayer,0,2,0
13374,Ice Princess,Meg Cabot,0,0,0
1579,Apocalypto,Mel Gibson,0,2,0
14846,Little Black Book,Melissa Carter,0,0,0
226486,Tammy,Melissa McCarthy,0,1,0
773,Little Miss Sunshine,Michael Arndt,0,2,0
26899,The Mudge Boy,Michael Burke,0,2,0
26390,Brooklyn's Finest,Michael C. Martin,0,2,0
2832,Identity,Michael Cooney,0,2,0
18734,L.I.E.,Michael Cuesta,0,2,0
18923,A Home at the End of the World,Michael Cunningham,0,2,0
19150,The Crew,Michael Dinner,0,2,0
287903,Krampus,Michael Dougherty,0,2,0
38093,Just Wright,Michael Elliot,0,2,0
14112,Auto Focus,Michael Gerbosi,0,0,0
22314,In Too Deep,Michael Henry Brown,0,2,0
28,Apocalypse Now,Michael Herr,0,2,0
239571,The Best of Me,Michael Hoffman,0,2,0
61012,Silent Hill: Revelation 3D,Michael J. Bassett,0,2,0
38033,Chain Letter,Michael J. Pagan,0,2,0
20520,The Motel,Michael Kang,0,2,0
96399,For Greater Glory - The True Story of Cristiada,Michael Love,0,0,0
25248,Saint Ralph,Michael McGowan,0,2,0
22074,Capitalism: A Love Story,Michael Moore,2,2,144678990
1777,Fahrenheit 9/11,Michael Moore,1,2,31564473
1430,Bowling for Columbine,Michael Moore,0,2,0
37786,Sex and the City 2,Michael Patrick King,0,2,0
48171,The Rite,Michael Petroni,0,2,0
203833,The Book Thief,Michael Petroni,1,2,59047633
268171,Elsa & Fred,Michael Radford,0,2,0
13539,Here On Earth,Michael Seitzman,0,2,0
37414,The Killer Inside Me,Michael Winterbottom,0,2,0
9709,My Summer of Love,Michael Wynne,0,0,0
74643,The Artist,Michel Hazanavicius,0,2,0
50848,The Names of Love,Michel Leclerc,0,0,0
68818,Blackthorn,Miguel Barros,0,2,0
253331,Black or White,Mike Binder,1,2,16915761
11354,The Upside of Anger,Mike Binder,0,2,0
55420,Another Earth,Mike Cahill,0,2,0
74777,Absentia,Mike Flanagan,0,2,0
11109,Vera Drake,Mike Leigh,1,2,-8815745
44009,Another Year,Mike Leigh,2,2,-6461890
245700,Mr. Turner,Mike Leigh,3,2,3662372
12454,All or Nothing,Mike Leigh,0,2,0
10017,The Wraith,Mike Marvin,0,2,0
23049,My Life in Ruins,Mike Reiss,0,2,0
14635,The Rookie,Mike Rich,0,2,0
13920,Radio,Mike Rich,1,2,55597042
754,Face/Off,Mike Werb,0,2,0
9353,Nacho Libre,Mike White,1,2,907672
44490,Chuck & Buck,Mike White,0,2,0
69848,One Man's Hero,Milton S. Gelman,0,0,0
38321,Priest,Min-Woo Hyung,0,0,0
28005,Kama Sutra - A Tale of Love,Mira Nair,0,1,0
16651,The Other Side of Heaven,Mitch Davis,0,2,0
801,"Good Morning, Vietnam",Mitch Markowitz,0,2,0
14024,Raise Your Voice,Mitch Rotter,0,0,0
13121,Teeth,Mitchell Lichtenstein,0,2,0
38303,You Again,Moe Jelline,0,1,0
319069,Censored Voices,Mor Loushy,0,0,0
201088,Blackhat,Morgan Davis Foehl,0,0,0
125052,Hurricane Streets,Morgan J. Freeman,0,2,0
41730,Desert Blue,Morgan J. Freeman,1,2,-132418
58492,The Greatest Movie Ever Sold,Morgan Spurlock,0,2,0
111794,20 Dates,Myles Berkowitz,0,0,0
192210,Open Road,Márcio Garcia,0,2,0
14139,Timecrimes,Nacho Vigalondo,0,2,0
137347,Closer to the Moon,Nae Caranfil,0,0,0
257211,The Intern,Nancy Meyers,0,1,0
6615,Lars and the Real Girl,Nancy Oliver,0,1,0
11812,The Sweetest Thing,Nancy Pimental,0,1,0
147773,The Way Way Back,Nat Faxon,0,2,0
339408,The Birth of a Nation,Nate Parker,0,2,0
21309,River's Edge,Neal Jimenez,0,0,0
132232,Mama,Neil Cross,0,2,0
9824,Mystery Men,Neil Cuthbert,0,2,0
14517,Mirrormask,Neil Gaiman,0,2,0
38448,Ondine,Neil Jordan,0,0,0
14585,In the Company of Men,Neil LaBute,0,2,0
23759,Centurion,Neil Marshall,1,2,-7788574
13460,Doomsday,Neil Marshall,0,2,0
198184,Chappie,Neill Blomkamp,1,2,171140700
68724,Elysium,Neill Blomkamp,0,2,0
277685,Unfriended,Nelson Greaves,0,0,0
15673,Connie and Carla,Nia Vardalos,0,1,0
59861,Larry Crowne,Nia Vardalos,1,1,-8658984
302688,My Big Fat Greek Wedding 2,Nia Vardalos,2,1,-2498609
235260,Son of God,Nic Young,0,0,0
60599,Arbitrage,Nicholas Jarecki,0,2,0
1957,Enough,Nicholas Kazan,0,2,0
21612,The Funeral,Nicholas St. John,0,2,0
32823,Get Him to the Greek,Nicholas Stoller,0,2,0
228970,Wild,Nick Hornby,0,2,0
46727,Speedway Junky,Nickolas Perry,0,2,0
62255,Tracker,Nicolas Van Pallandt,0,0,0
77987,Only God Forgives,Nicolas Winding Refn,0,2,0
50035,Lovely & Amazing,Nicole Holofcener,0,1,0
8998,Friends with Money,Nicole Holofcener,1,1,3936931
40247,Please Give,Nicole Holofcener,2,1,10805368
209263,Enough Said,Nicole Holofcener,3,1,12375546
39141,Tadpole,Niels Mueller,0,0,0
16016,Journey to Saturn,Nikolaj Arcel,0,2,0
193613,Metallica: Through the Never,Nimród Antal,0,2,0
30139,Phat Girlz,Nnegest Likké,0,1,0
121986,Frances Ha,Noah Baumbach,0,2,0
252512,While We're Young,Noah Baumbach,1,2,8267511
35219,The Missing Person,Noah Buschel,0,0,0
2989,Roar,Noel Marshall,0,2,0
14577,Dirty Work,Norm Macdonald,0,0,0
45324,Casino Jack,Norman Snider,0,2,0
14544,Roll Bounce,Norman Vance Jr.,0,2,0
10537,The Doors,Oliver Stone,2,2,25848069
10673,Wall Street,Oliver Stone,1,2,-3000000
6106,Salvador,Oliver Stone,0,2,0
39851,Clean,Olivier Assayas,0,2,0
87818,Movie 43,Olle Sarri,0,2,0
28089,The Messenger,Oren Moverman,0,2,0
57876,Area 51,Oren Peli,0,2,0
9428,The Royal Tenenbaums,Owen Wilson,0,2,0
12877,Dead Man's Shoes,Paddy Considine,0,2,0
28029,A Walk on the Moon,Pamela Gray,0,1,0
50037,Beyond the Black Rainbow,Panos Cosmatos,0,0,0
12838,One to Another,Pascal Arnold,0,0,0
35199,Wordplay,Patrick Creadon,0,2,0
47327,Drive Angry,Patrick Lussier,0,0,0
9613,Spider,Patrick McGrath,0,2,0
11917,Saw V,Patrick Melton,0,2,0
22804,Saw VI,Patrick Melton,1,2,103057533
37834,Knight and Day,Patrick O'Neill,0,2,0
34086,Spaced Invaders,Patrick Read Johnson,0,2,0
31064,The Business of Strangers,Patrick Stettner,0,2,0
188652,The Ghastly Love of Johnny X,Paul Bunnell,0,0,0
42033,Def-Con 4,Paul Donovan,0,0,0
324668,Jason Bourne,Paul Greengrass,0,2,0
14582,Passchendaele,Paul Gross,0,2,0
1624,Liar Liar,Paul Guay,0,2,0
32316,Marci X,Paul Rudnick,0,2,0
36351,Light Sleeper,Paul Schrader,1,0,26962574
103,Taxi Driver,Paul Schrader,0,0,0
332411,I Am Wrath,Paul Sloan,0,2,0
20737,Air Bud,Paul Tamasy,0,2,0
171274,Inherent Vice,Paul Thomas Anderson,1,2,-3741940
68722,The Master,Paul Thomas Anderson,0,2,0
71679,Resident Evil: Retribution,Paul W.S. Anderson,0,2,0
273895,Selma,Paul Webb,0,0,0
209274,Ida,Paweł Pawlikowski,0,0,0
18240,The Proposal,Pete Chiarelli,0,0,0
22556,The Yellow Handkerchief,Pete Hamill,0,2,0
39541,Stolen Summer,Pete Jones,0,0,0
25379,The Blue Butterfly,Pete McCormack,0,2,0
11887,High School Musical 3: Senior Year,Peter Barsocchini,0,2,0
193756,Lone Survivor,Peter Berg,1,2,-1420000
34813,The Losers,Peter Berg,0,2,0
331,Jurassic Park III,Peter Buchman,0,2,0
1551,Flatliners,Peter Filardi,0,2,0
20309,Say It Isn't So,Peter Gaulke,0,2,0
122917,The Hobbit: The Battle of the Five Armies,Peter Jackson,0,2,0
321741,Concussion,Peter Landesman,0,0,0
23531,Whipped,Peter M. Cohen,0,2,0
16363,The Best Little Whorehouse in Texas,Peter Masterson,0,2,0
22894,Legion,Peter Schink,0,2,0
25461,Raising Victor Vargas,Peter Sollett,0,2,0
34769,Defendor,Peter Stebbings,0,2,0
25166,Drowning Mona,Peter Steinfeld,0,2,0
302699,Central Intelligence,Peter Steinfeld,1,2,-572808
323675,Ride Along 2,Phil Hay,0,2,0
15173,Jonah: A VeggieTales Movie,Phil Vischer,0,2,0
8413,Event Horizon,Philip Eisner,0,2,0
38050,The Adjustment Bureau,Philip K. Dick,0,2,0
14914,Flash of Genius,Philip Railsback,0,0,0
14048,Man on Wire,Philippe Petit,0,0,0
44147,Wild Target,Pierre Salvadori,0,2,0
32222,American Desi,Piyush Dinker Pandya,0,0,0
18550,Fled,Preston A. Whitmore II,0,2,0
14351,Crossover,Preston A. Whitmore II,1,2,-7806769
45649,Rubber,Quentin Dupieux,0,0,0
24,Kill Bill: Vol. 1,Quentin Tarantino,1,2,13461007
16869,Inglourious Basterds,Quentin Tarantino,2,2,164410007
273248,The Hateful Eight,Quentin Tarantino,4,2,738909295
68718,Django Unchained,Quentin Tarantino,3,2,413541057
500,Reservoir Dogs,Quentin Tarantino,0,2,0
10159,The Rundown,R.J. Stewart,0,2,0
97430,The Man with the Iron Fists,RZA,0,2,0
299145,Stranded,Rachel Long,0,0,0
7341,The Rage: Carrie 2,Rafael Moreu,1,2,-12436272
10428,Hackers,Rafael Moreu,0,2,0
172391,Khumba,Raffaella Delle Donne,0,0,0
21461,Lage Raho Munna Bhai,Rajkumar Hirani,0,0,0
29463,Krush Groove,Ralph Farquhar,0,2,0
13996,Bottle Shock,Randall Miller,0,2,0
242166,Red Sky,Randy Arrington,0,0,0
158752,Escape from Tomorrow,Randy Moore,0,0,0
28355,Case 39,Ray Wright,0,2,0
28053,City Island,Raymond De Felitta,0,2,0
40428,8: The Mormon Proposition,Reed Cowan,0,2,0
49471,Get on the Bus,Reggie Rock Bythewood,0,2,0
264999,Magic Mike XXL,Reid Carolin,0,0,0
62116,Mozart's Sister,René Féret,0,0,0
72559,G.I. Joe: Retaliation,Rhett Reese,1,0,78791382
19908,Zombieland,Rhett Reese,0,0,0
21755,The Brothers Bloom,Rian Johnson,0,2,0
59967,Looper,Rian Johnson,1,2,-14469236
10362,Two Lovers,Ric Menello,0,0,0
45767,Time Changer,Rich Christiano,0,2,0
49020,Submarine,Richard Ayoade,0,2,0
18947,The Boat That Rocked,Richard Curtis,0,2,0
122906,About Time,Richard Curtis,2,2,97933663
57212,War Horse,Richard Curtis,1,2,-13651216
26791,Brigham City,Richard Dutcher,0,2,0
64499,Quinceañera,Richard Glatzer,0,0,0
25719,Shooting Fish,Richard Holmes,0,0,0
47452,Love and Death on Long Island,Richard Kwietniowski,0,2,0
177,The Fisher King,Richard LaGravenese,0,2,0
46889,Living Out Loud,Richard LaGravenese,2,2,-12252022
206296,The Last Five Years,Richard LaGravenese,3,2,-11349232
39437,Beloved,Richard LaGravenese,1,2,17895491
85350,Boyhood,Richard Linklater,2,2,9380977
132344,Before Midnight,Richard Linklater,1,2,1204508
14022,Slacker,Richard Linklater,0,2,0
13967,Miss Potter,Richard Maltby,0,0,0
263503,Water & Power,Richard Montoya,0,2,0
192134,Dom Hemingway,Richard Shepard,0,2,0
2207,16 Blocks,Richard Wenk,0,2,0
156022,The Equalizer,Richard Wenk,1,2,10664721
59728,The 5th Quarter,Rick Bieber,0,2,0
308639,Dope,Rick Famuyiwa,0,0,0
17182,Eye for an Eye,Rick Jaffa,0,2,0
22617,Dinner Rush,Rick Shaughnessy,0,0,0
23082,The Invention of Lying,Ricky Gervais,0,2,0
191714,The Lunchbox,Ritesh Batra,0,0,0
15028,Clockstoppers,Rob Hedden,0,2,0
2752,40 Days and 40 Nights,Rob Perez,0,0,0
24150,Halloween II,Rob Zombie,0,2,0
104755,The Lords of Salem,Rob Zombie,1,2,24421467
66767,Beat the World,Robert Adetuyi,0,2,0
22479,Kansas City,Robert Altman,0,2,0
310131,The Witch,Robert Eggers,0,2,0
14047,The Great Debaters,Robert Eisele,0,2,0
364083,Mi America,Robert Fontaine,0,0,0
15660,Mommie Dearest,Robert Getchell,0,2,0
18570,"Food, Inc.",Robert Kenner,0,2,0
11678,Vertical Limit,Robert King,0,2,0
334527,Criminal Activities,Robert Lowell,0,2,0
13197,10th & Wolf,Robert Moresco,0,0,0
285923,Grindhouse,Robert Rodriguez,2,0,132360146
25132,Shorts,Robert Rodriguez,3,0,90398043
10054,Spy Kids,Robert Rodriguez,0,0,0
56288,Spy Kids: All the Time in the World,Robert Rodriguez,4,0,79370551
14199,The Adventures of Sharkboy and Lavagirl,Robert Rodriguez,1,0,112934180
22256,Without Limits,Robert Towne,0,2,0
11519,1941,Robert Zemeckis,0,2,0
105,Back to the Future,Robert Zemeckis,1,2,-3244258
25212,Deterrence,Rod Lurie,0,2,0
47964,A Good Day to Die Hard,Roderick Thorp,0,0,0
37080,Mother and Child,Rodrigo García,0,2,0
1809,The Rules of Attraction,Roger Avary,0,2,0
588,Silent Hill,Roger Avary,1,2,7799060
62402,Guiana 1838,Rohit Jagessar,0,0,0
79698,The Lovers,Roland Joffé,0,0,0
89708,Samsara,Ron Fricke,0,2,0
20761,Play It to the Bone,Ron Shelton,0,2,0
41488,The Statement,Ronald Harwood,0,2,0
348,Alien,Ronald Shusett,0,2,0
35944,Lucky Break,Ronan Bennett,0,2,0
78394,Sea Rex 3D: Journey to a Prehistoric World,Ronan Chapalain,0,0,0
31163,Chicken Tikka Masala,Roopesh Parekh,0,0,0
71676,Ghost Rider: Spirit of Vengeance,Roy Thomas,0,2,0
388,Inside Man,Russell Gewirtz,0,2,0
13389,Righteous Kill,Russell Gewirtz,1,2,139376254
87729,Jefferson in Paris,Ruth Prawer Jhabvala,0,1,0
157354,Fruitvale Station,Ryan Coogler,0,2,0
19556,Miss March,Ryan Homchick,0,2,0
67675,Glee: The Concert Movie,Ryan Murphy,0,2,0
20468,The Big Tease,Sacha Gervasi,0,2,0
25312,Yes,Sally Potter,0,1,0
89540,The Other Conquest,Salvador Carrasco,0,2,0
23685,Monkeybone,Sam Hamm,0,2,0
60422,Another Happy Day,Sam Levinson,0,0,0
16871,Drag Me to Hell,Sam Raimi,0,2,0
27573,The Bounty Hunter,Sarah Maur Thorp,0,1,0
24424,Ajami,Scandar Copti,0,0,0
13260,Semi-Pro,Scot Armstrong,0,2,0
19419,Screwed,Scott Alexander,0,2,0
87093,Big Eyes,Scott Alexander,1,2,-5017320
370464,The Masked Saint,Scott Crowell,0,0,0
283445,Sinister 2,Scott Derrickson,1,2,57956618
184346,Deliver Us from Evil,Scott Derrickson,0,2,0
4553,The Machinist,Scott Kosar,0,2,0
13498,Man of the House,Scott Lobdell,0,0,0
112937,The Oogieloves in the Big Balloon Adventure,Scott Stabile,0,0,0
199373,The Frozen Ground,Scott Walker,0,0,0
77948,The Cold Light of Day,Scott Wiper,0,2,0
407887,Operation Chromite,Sean Dulake,0,0,0
146227,Getaway,Sean Finegan,0,0,0
188207,The Legend of Hercules,Sean Hood,0,2,0
24206,Silent Trigger,Sergio Altieri,0,0,0
429,"The Good, the Bad and the Ugly",Sergio Donati,0,0,0
80278,The Impossible,Sergio G. Sánchez,0,0,0
188161,A Million Ways to Die in the West,Seth MacFarlane,0,2,0
214756,Ted 2,Seth MacFarlane,1,2,46778557
8363,Superbad,Seth Rogen,0,2,0
325133,Neighbors 2: Sorority Rising,Seth Rogen,1,2,101463226
226857,Endless Love,Shana Feste,2,0,-353010
32395,The Greatest,Shana Feste,0,0,0
45272,Country Strong,Shana Feste,1,0,-5882204
15256,200 Cigarettes,Shana Larsen,0,0,0
14337,Primer,Shane Carruth,0,2,0
22908,A Room for Romeo Brass,Shane Meadows,1,2,-1927456
22913,24 7: Twenty Four Seven,Shane Meadows,0,2,0
10229,A Walk to Remember,Shane West,0,2,0
10678,Bringing Down the House,Shane West,1,2,30227069
59965,Abduction,Shawn Christensen,0,0,0
272878,Max,Sheldon Lettich,1,2,-2716629
15797,Only the Strong,Sheldon Lettich,0,2,0
20862,Smoke Signals,Sherman Alexie,0,0,0
18975,The Adventures of Pinocchio,Sherry Mills,0,0,0
70829,The Last Godfather,Shim Hyung-Rae,0,2,0
17130,Crossroads,Shonda Rhimes,0,1,0
63006,Dum Maaro Dum,Shridhar Raghavan,0,0,0
14757,Osama,Siddiq Barmak,0,0,0
9427,The Full Monty,Simon Beaufoy,0,2,0
39513,Paul,Simon Pegg,0,2,0
2080,X-Men Origins: Wolverine,Skip Woods,0,0,0
46528,The Warrior's Way,Sngmoo Lee,0,0,0
39210,Somewhere,Sofia Coppola,0,1,0
49950,The Roommate,Sonny Mallhi,0,0,0
16290,Jackass 3D,Spike Jonze,0,2,0
152601,Her,Spike Jonze,1,2,97224271
27995,She's Gotta Have It,Spike Lee,0,2,0
36739,School Daze,Spike Lee,1,2,6962502
41823,Mo' Better Blues,Spike Lee,2,2,15508346
321258,The Boy,Stacey Menear,0,0,0
29064,The Omega Code,Stephan Blinn,0,2,0
16899,Easy Virtue,Stephan Elliott,0,2,0
14033,Soul Survivors,Stephen Carpenter,0,2,0
13688,CJ7,Stephen Chow,0,2,0
315664,Florence Foster Jenkins,Stephen Frears,0,0,0
15992,Abandon,Stephen Gaghan,0,2,0
11313,Hearts in Atlantis,Stephen King,0,2,0
27004,Ca$h,Stephen Milburn Anderson,0,0,0
617,Wild Things,Stephen Peters,0,0,0
9457,Deep Rising,Stephen Sommers,0,2,0
54702,Malevolence,Stevan Mena,0,0,0
42297,Burlesque,Steve Antin,1,2,3657377
24621,Chasing Papi,Steve Antin,0,2,0
39691,Cats & Dogs 2 : The Revenge of Kitty Galore,Steve Bencich,0,2,0
27845,Trees Lounge,Steve Buscemi,0,2,0
239573,Unfinished Business,Steve Conrad,0,2,0
26306,Prefontaine,Steve James,1,2,7130611
14275,Hoop Dreams,Steve James,0,2,0
9339,Click,Steve Koren,0,2,0
72358,A Thousand Words,Steve Koren,1,2,155181299
323676,The Boss,Steve Mallory,0,0,0
11804,White Noise,Steve Martin,0,2,0
76025,Shame,Steve McQueen,0,2,0
9981,Kicking & Screaming,Steve Rudnick,0,2,0
20697,Ready to Rumble,Steven Brill,0,2,0
37498,Knock Off,Steven E. de Souza,0,2,0
17578,The Adventures of Tintin,Steven Moffat,0,2,0
301748,The Opposite Sex,Steven Sessions,0,0,0
840,Close Encounters of the Third Kind,Steven Spielberg,0,2,0
1717,All the King's Men,Steven Zaillian,0,2,0
65754,The Girl with the Dragon Tattoo,Steven Zaillian,1,2,-45549103
55567,Standing Ovation,Stewart Raffill,0,2,0
1538,Collateral,Stuart Beattie,0,0,0
1499,Teenage Mutant Ninja Turtles III,Stuart Gillard,0,2,0
140823,Saving Mr. Banks,Sue Smith,0,0,0
27329,The Legend of Suriyothai,Sunait Chutintaranond,0,0,0
375290,Airlift,Suresh Nair,1,0,-1568931
20360,Namastey London,Suresh Nair,0,0,0
462,Erin Brockovich,Susannah Grant,0,1,0
7445,Brothers,Susanne Bier,0,1,0
61752,Girl 6,Suzan-Lori Parks,0,0,0
343409,Windsor Drive,T.R. Gough,0,0,0
1970,The Grudge,Takashi Shimizu,0,2,0
14662,Slums of Beverly Hills,Tamara Jenkins,0,0,0
273481,Sicario,Taylor Sheridan,0,2,0
67373,This Thing of Ours,Ted A. Bohus,0,0,0
37821,Killers,Ted Griffin,0,0,0
16690,Return to Never Land,Temple Mathews,0,0,0
25520,The House of Mirth,Terence Davies,0,2,0
13072,Brooklyn Rules,Terence Winter,0,2,0
8967,The Tree of Life,Terrence Malick,1,2,660880
16642,Days of Heaven,Terrence Malick,0,2,0
36819,Time Bandits,Terry Gilliam,1,2,4628948
762,Monty Python and the Holy Grail,Terry Gilliam,0,2,0
33644,How Stella Got Her Groove Back,Terry McMillan,0,0,0
27322,Love Jones,Theodore Witcher,0,2,0
43935,Dylan Dog: Dead of Night,Thomas Dean Donnelly,0,2,0
24227,Excessive Force,Thomas Ian Griffith,0,2,0
58428,The Innkeepers,Ti West,0,2,0
13156,Secondhand Lions,Tim McCanlies,1,2,-1725162
78373,"Dancer, Texas Pop. 81",Tim McCanlies,0,2,0
16888,The Ladies Man,Tim Meadows,0,2,0
38579,Marmaduke,Tim Rasmussen,0,2,0
32274,Cradle Will Rock,Tim Robbins,0,2,0
345003,10 Days in a Madhouse,Timothy Hines,0,2,0
3040,Night Watch,Timur Bekmambetov,0,2,0
13960,ATL,Tina Gordon Chism,0,0,0
10559,Frequency,Toby Emmerich,0,2,0
63574,Joyful Noise,Todd Graff,0,2,0
19084,Johnson Family Vacation,Todd Jones,0,2,0
79694,The Apparition,Todd Lincoln ,0,0,0
39800,Life During Wartime,Todd Solondz,0,2,0
1497,Teenage Mutant Ninja Turtles II: The Secret of the Ooze,Todd W. Langen,0,0,0
45145,Johnny Suede,Tom DiCillo,0,2,0
1924,Superman,Tom Mankiewicz,0,2,0
314365,Spotlight,Tom McCarthy,0,0,0
16769,Coal Miner's Daughter,Tom Rickman,0,2,0
13982,8 Heads in a Duffel Bag,Tom Schulman,0,2,0
16471,Modern Problems,Tom Sherohman,0,2,0
264656,The Homesman,Tommy Lee Jones,0,2,0
10676,Halloween III: Season of the Witch,Tommy Lee Wallace,0,2,0
23963,Pontypool,Tony Burgess,0,2,0
16558,Duplicity,Tony Gilroy,0,2,0
16353,Ong Bak 2,Tony Jaa,0,2,0
44260,Lake of Fire,Tony Kaye,0,2,0
17334,The Other End of the Line,Tracey Jackson,0,0,0
31166,I Come with the Rain,Tran Anh Hung,0,2,0
299245,The Gallows,Travis Cluff,0,0,0
19898,Pandorum,Travis Milloy,0,2,0
175291,Cheap Thrills,Trent Haaga,0,2,0
9473,"South Park: Bigger, Longer & Uncut",Trey Parker,1,2,-372713
8675,Orgazmo,Trey Parker,0,2,0
8374,The Boondock Saints,Troy Duffy,0,2,0
30128,I Hope They Serve Beer in Hell,Tucker Max,0,0,0
157293,ABCD (Any Body Can Dance),Tushar Hiranandani,0,0,0
16186,Diary of a Mad Black Woman,Tyler Perry,0,2,0
17202,Why Did I Get Married?,Tyler Perry,2,2,96189880
26367,I Can Do Bad All By Myself,Tyler Perry,3,2,136374601
35688,Why Did I Get Married Too?,Tyler Perry,4,2,169108522
16781,Madea's Family Reunion,Tyler Perry,1,2,44958356
302579,Naturally Native,Valerie Red-Horse,0,0,0
82696,Hope Springs,Vanessa Taylor,0,1,0
14629,Woman on Top,Vera Blasi,0,1,0
13476,Win a Date with Tad Hamilton!,Victor Levin,0,2,0
55306,Ulee's Gold,Victor Nunez,1,2,201437
47889,Ruby in Paradise,Victor Nunez,0,2,0
304410,The Bélier Family,Victoria Bedos,0,1,0
319910,Broken Horses,Vidhu Vinod Chopra,0,2,0
10981,Nothing,Vincenzo Natali,0,2,0
8069,Barbarella,Vittorio Bonicelli,0,2,0
11190,The Return,Vladimir Moiseyenko,0,0,0
164372,The Snow Queen,Vladlen Barbe,0,0,0
56601,The Perfect Game,W. William Winokur,0,0,0
82650,Diary of a Wimpy Kid: Dog Days,Wallace Wolodarsky,0,2,0
9268,Eraser,Walon Green,0,2,0
42345,The Molly Maguires,Walter Bernstein,0,2,0
21338,Stone Cold,Walter Doniger,0,2,0
76349,1911,Wang Xing-Dong,0,0,0
18254,Reds,Warren Beatty,0,2,0
146216,RED 2,Warren Ellis,0,0,0
7304,Running Scared,Wayne Kramer,0,2,0
86825,Stoker,Wentworth Miller,0,2,0
48463,Incident at Loch Ness,Werner Herzog,0,2,0
83666,Moonrise Kingdom,Wes Anderson,1,2,6471023
10315,Fantastic Mr. Fox,Wes Anderson,0,2,0
6466,Freddy vs. Jason,Wes Craven,0,2,0
43931,My Soul to Take,Wes Craven,1,2,84908830
2176,The Glass House,Wesley Strick,0,2,0
15389,Metropolitan,Whit Stillman,0,2,0
82533,Damsels in Distress,Whit Stillman,1,2,2508000
82682,Gangster Squad,Will Beall,0,0,0
23169,Remember Me,Will Fetters,0,2,0
13700,Home on the Range,Will Finn,0,2,0
15544,Extreme Movie,Will Forte,0,2,0
37931,MacGruber,Will Forte,1,2,-1118662
15489,Snow Day,Will McRobb,0,2,0
40807,50/50,Will Reiser,0,2,0
76487,The Devil Inside,William Brent Bell,0,2,0
58233,Johnny English Reborn,William Davies,0,2,0
242095,The Signal,William Eubank,0,2,0
11586,Exorcist II: The Heretic,William Goodhart,0,0,0
244403,Rudderless,William H. Macy,0,2,0
46138,Made in Dagenham,William Ivory,0,0,0
103620,Maniac,William Lustig,0,2,0
11699,The Bad Lieutenant: Port of Call - New Orleans,William M. Finkelstein,0,2,0
43090,Gunless,William Phillips,0,2,0
10192,Shrek Forever After,William Steig,0,2,0
277519,Z Storm,Wong Ho-Wa,0,0,0
44865,The Grandmaster,Wong Kar-wai,0,2,0
59436,Midnight in Paris,Woody Allen,2,2,39345631
38031,You Will Meet a Tall Dark Stranger,Woody Allen,1,2,20097815
19265,Whatever Works,Woody Allen,0,2,0
81836,To Rome with Love,Woody Allen,3,2,160464850
160588,Blue Jasmine,Woody Allen,4,2,216709731
381902,The Monkey King 2,Wu Cheng'en,0,0,0
46332,Of Gods and Men,Xavier Beauvois,0,2,0
270938,Falcon Rising,Y.T. Parazi,0,0,0
13807,Exiled,Yip Tin-Shing,0,0,0
231576,Wish I Was Here,Zach Braff,0,2,0
14425,PCU,Zak Penn,0,2,0
9947,Elektra,Zak Penn,1,2,-4649226
173224,Along the Roadside,Zoran Lisinac,0,0,0
